date,open,high,low,close,volume
2014/3/31,72.10235061,72.313618,71.66109594,71.7694039,42167300
2014/4/1,71.90579171,72.45535435,71.77341531,72.42593737,50190000
2014/4/2,72.52354825,72.67063314,72.24007555,72.54627955,45105200
2014/4/3,72.39117185,72.53959388,71.88974609,72.04351665,40586000
2014/4/4,72.17990446,72.20531003,70.94572851,71.1115333,68812800
2014/4/7,70.60342186,70.98851685,69.78375788,69.99502527,72462600
2014/4/8,70.22501255,70.34936614,69.35722506,69.99101386,60972100
2014/4/9,69.88404303,70.9336943,69.80114064,70.91096299,51542400
2014/4/10,70.95909987,71.16769299,69.9549112,69.9963624,59913000
2014/4/11,69.39732575,69.9094486,69.14861858,69.47889101,67929400
2014/4/14,69.78509501,69.81986053,69.15797852,69.75567803,51418500
2014/4/15,69.56714195,69.75032949,68.37174292,69.2582503,66622500
2014/4/16,69.27029789,69.67678705,68.74686288,69.39866289,53691400
2014/4/17,69.53103929,70.56865634,69.42406846,70.19158416,71083600
2014/4/21,70.24506958,71.15432163,70.0605449,71.0246195,45637200
2014/4/22,70.64219878,71.11233558,70.400311,71.09535396,50640800
2014/4/23,70.74248394,71.01927096,70.12606453,70.16617859,98735000
2014/4/24,75.97736892,76.21671615,74.97719166,75.91853496,189977900
2014/4/25,75.4853031,76.48280609,75.40908638,76.47612041,97568800
2014/4/28,76.59111405,79.65983973,76.55768567,79.43787526,167371400
2014/4/29,79.39107552,79.69059384,78.82546726,79.20253943,84344400
2014/4/30,79.24399063,80.15190554,78.86424418,78.90302111,114160200
2014/5/1,79.15841396,79.53281187,78.40426961,79.08888292,61012000
2014/5/2,79.20387657,79.45258374,78.85220996,79.23596781,47878600
2014/5/5,78.90970678,80.3618358,78.89098689,80.35648726,71766800
2014/5/6,80.46880663,80.81778559,79.48066359,79.48066359,93641100
2014/5/7,79.59298296,79.86575857,78.58745716,79.20253943,70716100
2014/5/8,79.09710026,79.92538439,78.8483461,79.06214022,57574300
2014/5/9,78.59824732,78.82817684,78.03216353,78.73304518,72899400
2014/5/12,78.99490936,79.82453811,78.98280781,79.71293489,53302200
2014/5/13,79.60133167,79.94286441,79.42653145,79.83798428,39934300
2014/5/14,79.6591502,80.3274249,79.56637162,79.85277506,41601000
2014/5/15,79.96437828,80.21985553,79.0688633,79.17374343,57711500
2014/5/16,79.14819571,80.34490492,78.71388439,80.34221568,69064100
2014/5/19,80.38793267,81.66262967,80.31801258,81.29420458,79438800
2014/5/20,81.28344765,81.53758028,80.77518239,81.31033999,58709000
2014/5/21,81.19201369,81.57791879,80.95401646,81.52547872,49214900
2014/5/22,81.56447262,82.00147317,81.22831835,81.65456196,50190000
2014/5/23,81.65187273,82.65755219,81.5469926,82.57696929,58052400
2014/5/27,82.81227728,84.15420513,82.77866185,84.12327894,87216500
2014/5/28,84.17571901,84.68801812,83.87452478,83.90545097,78870400
2014/5/29,84.42178393,85.63462855,84.411027,85.4342806,94118500
2014/5/30,85.78388104,86.61619902,84.56296873,85.11426173,141005200
2014/6/2,85.24334497,85.36032666,83.70241379,84.5293533,92337700
2014/6/3,84.50380558,85.88607194,84.47556862,85.72471789,73177300
2014/6/4,85.71127172,87.11639658,85.53243765,86.70359913,83870500
2014/6/5,86.88915629,87.31538646,86.40643876,87.04378726,75951400
2014/6/6,87.38666461,87.56953254,86.65653753,86.80444541,87484600
2014/6/9,87.25220291,88.36285662,86.35803254,88.19343487,75414997
2014/6/10,89.16290379,89.46409802,88.07107471,88.71111245,62777000
2014/6/11,88.59816461,89.19114075,87.97695152,88.34403198,45681000
2014/6/12,88.51345373,88.58875229,86.49921734,86.8662978,54749000
2014/6/13,86.78158692,87.00748259,85.53916073,85.91565352,54525000
2014/6/16,86.13213687,87.2992645,86.07566295,86.78158692,35561000
2014/6/17,86.88512244,87.25220291,86.40509414,86.66863909,29726000
2014/6/18,86.84747316,86.8662978,85.98153976,86.76276228,33514000
2014/6/19,86.8662978,86.87571012,85.97109208,86.46156806,35528000
2014/6/20,86.45215574,87.11101811,85.55798537,85.56739769,100898000
2014/6/23,85.9533028,86.23567239,85.27561578,85.49209914,43694000
2014/6/24,85.41680058,86.34862022,84.88971068,84.97442156,39036000
2014/6/25,84.90853532,85.36973898,84.38144542,85.04972011,36869000
2014/6/26,85.05913243,85.69917017,84.52263021,85.55798537,32629000
2014/6/27,85.48268682,86.59334053,85.43562522,86.57451589,64029000
2014/6/30,86.68746373,88.21696567,86.67805141,87.46868626,49589000
2014/7/1,88.02401311,88.54169069,87.65693265,88.02401311,38223000
2014/7/2,88.34873814,88.53227837,87.61928337,87.98636384,28465000
2014/7/3,88.16519791,88.56992765,87.72281889,88.50404142,22891800
2014/7/7,88.60757693,90.34885606,88.56992765,90.32814896,56468000
2014/7/8,90.61240101,91.11125395,88.4005059,89.74646761,65222000
2014/7/9,89.83117848,90.31120678,89.19114075,89.78411688,36436000
2014/7/10,88.24990879,89.934714,88.02401311,89.44997954,39686000
2014/7/11,89.75587992,90.25473286,89.28761702,89.62410745,34018000
2014/7/14,90.22649591,91.19596483,90.02883719,90.78182276,42810000
2014/7/15,91.11125395,91.15831555,89.44527338,89.71823065,45477900
2014/7/16,91.27126338,91.39362354,89.17231611,89.20996539,53502000
2014/7/17,89.44527338,89.67964014,87.12984275,87.61918925,57298000
2014/7/18,88.11813631,89.17231611,87.55339713,88.8805342,49988000
2014/7/21,89.4076241,89.41703642,88.21225951,88.41838931,39079000
2014/7/22,89.11584219,89.3135009,88.58875229,89.15349147,55197000
2014/7/23,89.81235384,92.12778447,89.57704585,91.47833442,92918000
2014/7/24,91.33244346,91.60069457,90.7535858,91.3277373,45729000
2014/7/25,91.15831555,92.09013519,90.96065684,91.93106699,43469000
2014/7/28,92.07131055,93.40785994,91.81717792,93.20078891,55318000
2014/7/29,93.49257082,93.59610633,92.4760403,92.59840045,43143000
2014/7/30,92.65487437,92.89959468,91.93012576,92.3819171,33010000
2014/7/31,91.45009746,91.72305473,89.72764297,89.9817756,56843000
2014/8/1,89.32291322,90.9418322,89.23820235,90.48062854,48511000
2014/8/4,90.70652421,90.90418292,89.57704585,89.97236328,39958000
2014/8/5,89.75587992,90.05707415,88.81464796,89.52998425,55933000
2014/8/6,89.18172843,89.86882776,89.14407915,89.37938714,38558000
2014/8/7,89.79563622,90.76046871,89.01052742,89.36997482,46711000
2014/8/8,89.16187369,89.69158565,88.23487777,89.61591252,41865000
2014/8/11,90.11724705,90.88343756,89.70624732,90.79830528,36585000
2014/8/12,90.84560099,91.64016893,90.43885788,90.779387,33795000
2014/8/13,90.94965156,91.98069805,90.84560099,91.98069805,31916000
2014/8/14,92.06583033,92.29284974,91.56449579,92.22663574,28116000
2014/8/15,92.60500143,92.87931655,91.62125065,92.68067456,48951000
2014/8/18,93.16309081,93.99549532,92.68067456,93.79685334,47572000
2014/8/19,94.03333189,95.23464294,93.94819961,95.09275581,69274700
2014/8/20,95.00762353,95.62246777,94.54412556,95.13059238,52612800
2014/8/21,95.13059238,95.48058063,94.69547184,95.14005152,33421900
2014/8/22,94.8657364,95.98191517,94.77114498,95.84002804,44102400
2014/8/25,96.28460772,96.64405512,95.80219147,96.04812916,40144700
2014/8/26,95.93461946,96.01029259,95.4049075,95.43233901,33119800
2014/8/27,95.55625377,97.0224208,95.25356122,96.60621855,46827400
2014/8/28,96.09542487,97.22106279,96.06704745,96.71972825,68389800
2014/8/29,97.29673592,97.33457249,96.67243254,96.95620681,44567000
2014/9/2,97.48591877,98.12914043,97.16430793,97.71293818,53491400
2014/9/3,97.52375533,97.61834676,93.24822309,93.58875221,125233100
2014/9/4,93.50361993,94.67655355,92.50095086,92.81310255,85594800
2014/9/5,93.45632422,94.0144136,92.99282626,93.61712964,58353200
2014/9/8,93.92928133,93.93874047,92.74688856,93.04012197,46277800
2014/9/9,93.7211802,97.50483705,90.94019241,92.69013371,189560600
2014/9/10,92.70905199,95.64138605,92.47257344,95.53733549,100741900
2014/9/11,94.9792461,95.95353774,94.23197387,95.9440786,62353100
2014/9/12,95.73597747,96.6629734,95.61300862,96.16163887,62626100
2014/9/15,97.24944021,97.47645962,95.95353774,96.13326144,61216500
2014/9/16,94.40223843,95.78327318,93.5414565,95.4049075,66818200
2014/9/17,95.79273232,96.29406686,95.15159167,96.08596573,60892400
2014/9/18,96.41703571,96.81431967,96.06704745,96.28460772,37023900
2014/9/19,96.75756482,96.81431967,95.42382578,95.49949892,70838500
2014/9/22,96.29406686,96.61567769,95.14005152,95.59409034,52722000
2014/9/23,95.1589698,97.37240906,95.10221495,97.0886348,63347200
2014/9/24,96.63459597,97.28727678,95.72651833,96.24677115,59725174
2014/9/25,95.07383752,95.26302037,92.43473687,92.576624,99565849
2014/9/26,93.20092738,95.30085693,93.07795853,95.30085693,62370501
2014/9/29,93.31443709,95.00289396,93.2955188,94.69547184,49766312
2014/9/30,95.35761179,96.04812916,95.09275581,95.30085693,55264139
2014/10/1,95.14951066,95.24410208,93.3617328,93.81577162,51491286
2014/10/2,93.9009039,94.7995224,92.73742942,94.49682985,47757828
2014/10/3,94.06170932,94.79006326,93.68334363,94.23197387,43469585
2014/10/6,94.54412556,95.20626551,94.04279103,94.23197387,37051182
2014/10/7,94.05225017,94.70493098,93.39011022,93.40902851,42094183
2014/10/8,93.41848765,95.64138605,92.99282626,95.34815264,57404674
2014/10/9,96.04812916,96.8426971,95.16842894,95.55625377,77376525
2014/10/10,95.24410208,96.51162713,94.87519554,95.28193865,66331592
2014/10/13,95.84948718,96.27514857,94.41169757,94.41169757,53583368
2014/10/14,94.96032782,95.08329667,93.23876395,93.40902851,63688562
2014/10/15,92.67121542,93.78739419,90.03211477,92.26447231,100933600
2014/10/16,90.38210303,92.43473687,90.24967504,91.05370212,72154523
2014/10/17,92.22663574,93.64550706,91.57395494,92.38744116,68179688
2014/10/20,92.99755583,94.55358471,92.90769398,94.36440186,77517279
2014/10/21,97.4480822,97.4480822,95.79273232,96.92782938,94623904
2014/10/22,97.27781764,98.47912869,97.05079823,97.41970477,68263146
2014/10/23,98.45075126,99.36923396,98.02508987,99.16018692,71074674
2014/10/24,99.4912569,99.7844903,98.87641266,99.52909347,47053916
2014/10/27,99.17910521,99.77503116,99.03721807,99.4250429,34187701
2014/10/28,99.69935802,100.9668831,99.65206231,100.9668831,48060949
2014/10/29,100.8817508,101.562809,100.6074357,101.5344316,52687879
2014/10/30,101.1740383,101.5438907,100.1723151,101.1939025,40654793
2014/10/31,102.1681941,102.1965715,101.4114627,102.158735,44639285
2014/11/3,102.3668361,104.3343377,102.1681941,103.4830149,52282550
2014/11/4,103.4451783,103.5681472,101.893879,102.7262835,41574365
2014/11/5,103.1992406,103.3884235,102.2769743,102.9722212,37435905
2014/11/6,103.1704542,103.350955,102.4104508,103.2654546,34968457
2014/11/7,103.3129548,103.8544572,103.122954,103.5599559,33691535
2014/11/10,103.5694559,103.8639572,103.2369545,103.3889551,27195547
2014/11/11,103.2654546,104.262959,102.9804534,104.2154588,27442252
2014/11/12,103.9114574,105.858966,103.9019574,105.6879653,46942431
2014/11/13,106.2104676,107.7779745,106.0204667,107.1794718,59522855
2014/11/14,107.4929732,108.4809776,107.3979728,108.4714775,44063595
2014/11/17,108.5569779,111.4164905,107.6354738,108.2909767,46746712
2014/11/18,108.2434765,109.9059838,108.1959763,109.6969829,44223978
2014/11/19,109.6684828,109.953484,108.1104759,108.9369796,41869160
2014/11/20,109.1649806,111.0174887,109.1079803,110.4949864,43395537
2014/11/21,111.6349915,111.6919917,110.2289853,110.6469871,57179298
2014/11/24,111.0079887,112.8319967,110.7894877,112.6942461,47450824
2014/11/25,113.116998,113.7630008,111.5779912,111.7204918,68840440
2014/11/26,112.0434932,113.1454981,111.9389928,113.0504977,40831886
2014/11/28,113.3069988,113.4304994,112.1479937,112.9839974,24814402
2014/12/1,112.8699969,113.2879987,105.7069654,109.3169812,83814037
2014/12/2,107.8254747,109.9629841,107.1129715,108.8989794,59348940
2014/12/3,109.9629841,110.5329866,109.3549814,110.1339848,43063440
2014/12/4,109.9819842,111.3404902,109.5259822,109.715983,42155776
2014/12/5,110.1909851,110.2764855,108.9084794,109.250481,38318895
2014/12/8,108.3954772,108.9160795,106.0394668,106.7804701,57664850
2014/12/9,104.6809608,108.585478,103.8829573,108.4144773,60208036
2014/12/10,108.6899785,109.1079803,105.9634665,106.3529682,44565318
2014/12/11,106.6474695,108.1104759,105.7734656,106.0394668,41471578
2014/12/12,104.937462,106.2769679,104.1014583,104.2439589,56028138
2014/12/15,105.165463,106.0204667,101.0329448,102.8142026,67218082
2014/12/16,101.0519449,104.6524607,100.9474444,101.4081964,60790733
2014/12/17,101.764448,104.3484594,101.4794467,103.9399576,53411773
2014/12/18,106.2769679,107.0179711,105.1274628,107.0179711,59006218
2014/12/19,106.6474695,107.5784736,106.077467,106.1914675,88429770
2014/12/22,106.5524691,107.8159746,106.3719683,107.2934723,45167549
2014/12/23,107.5689736,107.663974,106.8374703,106.9134707,26028419
2014/12/24,106.9514708,107.0749714,106.4099684,106.4099684,14479611
2014/12/26,106.4954688,108.7944789,106.4099684,108.2909767,33720951
2014/12/29,108.1009759,109.03198,108.0154755,108.2149764,27598920
2014/12/30,107.9584753,108.2244764,106.5049689,106.8944706,29881477
2014/12/31,107.1794718,107.4739731,104.6999609,104.8614616,41403351
2015/1/2,105.8209659,105.8684661,101.982949,103.8639572,53204626
2015/1/5,102.8759529,103.2179544,100.1399408,100.9379444,64285491
2015/1/6,101.2134456,102.0589493,99.39893758,100.9474444,65797116
2015/1/7,101.8404483,102.7904525,101.3606962,102.3629506,40105934
2015/1/8,103.7689568,106.542969,103.2654546,106.2959679,59364547
2015/1/9,107.0369712,107.5879736,104.6999609,106.4099684,53315099
2015/1/12,106.9704709,106.998971,103.360455,103.7879569,49650790
2015/1/13,105.858966,107.1604718,103.4649555,104.709461,67091928
2015/1/14,103.588456,104.9659621,103.0754538,104.3104592,48956588
2015/1/15,104.50046,104.5574603,101.3274461,101.4794467,60013996
2015/1/16,101.6789476,102.2014499,99.94043997,100.6909433,78513345
2015/1/20,102.448451,103.5188207,101.1754454,103.2844547,49899907
2015/1/21,103.5029557,105.5074645,102.8569528,104.0729582,48575897
2015/1/22,104.7474611,106.8469704,104.2344589,106.7804701,53796409
2015/1/23,106.6854697,108.0629757,105.9539664,107.3314725,46464828
2015/1/26,108.0534757,108.6449483,107.1604718,107.445473,55614979
2015/1/27,106.7994702,106.8564704,103.578956,103.6834564,95568749
2015/1/28,111.7442419,112.214494,109.5449822,109.5449822,146477063
2015/1/29,110.5044865,113.2309985,109.7824833,112.9554973,84436432
2015/1/30,112.4804952,114.0005019,111.0079887,111.30249,83745461
2015/2/2,112.1479937,113.2119984,110.2764855,112.6989961,62739100
2015/2/3,112.5754956,113.1359981,111.7299919,112.7179962,51915749
2015/2/4,112.5754956,114.485004,112.3940448,113.5825,70149743
2015/2/5,114.4663017,114.6665844,113.731932,114.3900036,42246245
2015/2/6,114.4663017,114.6856589,112.9689505,113.4267394,43706567
2015/2/9,113.0643232,114.2946309,112.949876,114.1801837,38889797
2015/2/10,114.6093608,116.49774,114.5998235,116.3737555,62008506
2015/2/11,117.0890507,119.1395635,116.8315444,119.1014144,73561797
2015/2/12,120.2268122,121.5811044,119.759486,120.6083029,74474466
2015/2/13,121.390359,121.390359,119.8357841,121.1996136,54272219
2015/2/17,121.5906416,122.916322,121.0470173,121.9149088,63152405
2015/2/18,121.7193948,122.8209493,121.5524925,122.7589571,44891737
2015/2/19,122.5348312,123.059381,122.3917722,122.5062194,37362381
2015/2/20,122.668353,123.5076327,122.1247287,123.502864,48948419
2015/2/23,124.0035707,126.8456768,123.660229,126.8456768,70974110
2015/2/24,126.7884532,127.4179129,125.1003566,126.0540835,69228130
2015/2/25,125.4723101,125.5104592,122.2201014,122.8304866,74711746
2015/2/26,122.825718,124.8142385,120.751362,124.3802928,91287529
2015/2/27,123.9844961,124.5281205,122.3059368,122.5157567,62014847
2015/3/2,123.269201,124.2515397,122.3631604,123.1166047,48096663
2015/3/3,122.9926202,123.5267072,122.1628778,123.3741109,37816283
2015/3/4,123.1261419,123.5648563,122.3822349,122.5920549,31666340
2015/3/5,122.6302039,122.7923375,119.9406941,120.5606166,56517146
2015/3/6,122.4585331,123.3836482,120.4175575,120.7418247,72842060
2015/3/9,122.0388933,123.5743936,119.2730853,121.2568372,88528487
2015/3/10,120.5606166,121.3331354,118.0713894,118.7485355,68856582
2015/3/11,118.9774299,118.9965045,116.4595909,116.5835754,68938974
2015/3/12,116.6503363,119.120489,116.001802,118.6913119,48362719
2015/3/13,118.6436255,119.5926792,116.9078426,117.8711067,51827283
2015/3/16,118.1476875,119.1681753,117.1844234,119.1681753,35874300
2015/3/17,120.0742159,121.4285081,119.8357841,121.1614645,51023104
2015/3/18,121.1233154,123.1833655,120.5224675,122.525294,65270945
2015/3/19,122.7923375,123.2645277,121.5048062,121.5954103,45809490
2015/3/20,122.3154741,122.4585331,119.368458,120.0742159,68695136
2015/3/23,121.2377627,121.9339833,120.6655265,121.3235981,37709674
2015/3/24,121.3426726,122.1151914,120.7036756,120.8276601,32842304
2015/3/25,120.6846011,120.9516446,117.6708241,117.6708241,51655177
2015/3/26,117.0795134,119.1014144,116.9269171,118.4910292,47572869
2015/3/27,118.8057591,118.9297436,117.2225725,117.5468396,39546151
2015/3/30,118.3098211,120.5510793,118.2621348,120.5224675,47099670
2015/3/31,120.255424,120.6369147,118.6007078,118.6722373,42090553
2015/4/1,119.0441908,119.3303089,117.4037806,118.5005665,40621437
2015/4/2,119.2444735,119.7499487,118.4433429,119.5210543,32220131
2015/4/6,118.7103864,121.6097162,118.5768646,121.4571199,37193975
2015/4/7,121.7337007,122.1932063,120.150514,120.1791258,35012268
2015/4/8,120.0265295,120.5510793,119.1872499,119.7880978,37329243
2015/4/9,120.0265295,120.7227502,118.8915945,120.7036756,32483974
2015/4/10,120.1219022,121.3235981,119.4638307,121.2186881,40187953
2015/4/13,122.4299213,122.6206667,120.751362,120.9802564,36365123
2015/4/14,121.1233154,121.3998962,120.0837531,120.4557066,25524593
2015/4/15,120.5606166,121.2472999,120.1791258,120.9134955,28970419
2015/4/16,120.4366321,121.2186881,120.2744985,120.3317221,28368987
2015/4/17,119.7404115,120.3031103,118.7008491,118.9774299,51957046
2015/4/20,119.759486,122.1914896,119.3779952,121.6955516,47054310
2015/4/21,122.172415,122.2677877,120.8085856,121.03748,32435057
2015/4/22,121.1137782,122.9067847,120.4747812,122.668353,37654505
2015/4/23,122.3631604,124.3850614,122.2105641,123.6697663,45770902
2015/4/24,124.4518223,124.5853441,123.2501264,124.2515397,44525905
2015/4/27,126.1876052,126.9696613,125.0812821,126.5118724,96954207
2015/4/28,128.2333494,128.3144162,123.5743936,124.5185832,118923970
2015/4/29,124.1370924,125.5009219,122.3631604,122.6874276,63386083
2015/4/30,121.6001789,121.9625951,118.8152964,119.3589207,83195423
2015/5/1,120.2649612,124.1084806,119.5019797,122.9830829,58512638
2015/5/4,123.5076327,124.5281205,122.3250113,122.7446512,50988278
2015/5/5,122.2201014,122.5060287,119.9597686,119.9788432,49271416
2015/5/6,120.7036756,120.8848837,117.6517496,119.2253989,72141010
2015/5/7,119.4905024,120.7450713,118.7722378,119.9597686,43940895
2015/5/8,121.319683,122.219908,120.7738019,122.219908,55550382
2015/5/11,121.9996402,122.1624468,120.3093241,120.974916,42035757
2015/5/12,120.2853819,121.5112202,119.5383867,120.5391688,48160032
2015/5/13,120.8121093,121.8081029,120.5439572,120.6780333,34694235
2015/5/14,122.0187939,123.4936306,121.7793723,123.4936306,45203456
2015/5/15,123.6085529,124.0107811,122.7849428,123.3212471,38208034
2015/5/18,122.9477495,125.1887351,122.9285957,124.6811614,50882918
2015/5/19,125.1600045,125.3419649,124.154434,124.5662391,44633240
2015/5/20,124.499201,125.4377335,123.8671282,124.5566622,36454932
2015/5/21,124.5662391,126.0602295,124.3363944,125.8303848,39730364
2015/5/22,126.0314989,127.3435289,125.8399617,126.9317239,45595972
2015/5/26,126.9891851,127.2860678,123.6564372,124.1352803,70697560
2015/5/27,124.8248143,126.6635718,124.5470854,126.4576692,45833246
2015/5/28,126.2804973,126.3666891,125.5526558,126.2038824,30733309
2015/5/29,125.677155,125.887846,124.4034324,124.7673532,50884452
2015/6/1,125.6484244,125.8303848,124.5470854,125.0115631,32112797
2015/6/2,124.365125,125.1264855,123.8479745,124.4608936,33667627
2015/6/3,125.1312739,125.399426,124.4034324,124.6141234,30983542
2015/6/4,124.0969729,125.054659,123.4553231,123.8862819,38450118
2015/6/5,124.020358,124.2023183,122.9285957,123.2063247,35626800
2015/6/8,123.4457463,123.742629,121.4633359,122.3922915,52674786
2015/6/9,121.3388367,122.6604436,120.3045357,122.0283707,56075420
2015/6/10,122.5072138,123.8671282,122.4401758,123.4265925,39087250
2015/6/11,123.7138984,124.6715846,123.0387296,123.1488636,35390887
2015/6/12,122.7610007,122.8998652,121.731488,121.7889492,36886246
2015/6/15,120.764225,121.8559872,120.3907274,121.5495277,43988946
2015/6/16,121.6548731,122.4401758,121.0228003,122.2007543,31494131
2015/6/17,122.3156766,122.4689064,121.3771442,121.9134484,32918071
2015/6/18,121.8464104,122.8807114,121.8368335,122.4689064,35407220
2015/6/19,122.3060997,122.4114452,121.0515309,121.2430681,54716887
2015/6/22,122.0954088,122.6412899,121.7027575,122.2103311,34039345
2015/6/23,122.0858319,122.2103311,121.5104541,121.6548731,30268863
2015/6/24,121.8272567,124.3076638,121.7410649,122.6891742,55280855
2015/6/25,123.4074388,123.7330521,122.1049856,122.1049856,31938100
2015/6/26,122.2677923,122.5742519,121.1568763,121.386721,44066841
2015/6/29,120.1513059,121.1185689,119.2127734,119.2606577,49161427
2015/6/30,120.2566513,120.7833787,119.5766942,120.1177869,44370682
2015/7/1,121.5303739,121.5686814,120.6588795,121.2430681,30238811
2015/7/2,121.0802614,121.3292598,120.4481886,121.0898383,27210952
2015/7/6,119.6533091,120.8887242,119.5671173,120.6684564,28060431
2015/7/7,120.5631109,120.8121093,118.5328163,120.3715737,46946811
2015/7/8,119.2127734,119.3660032,117.3548623,117.3835929,60761614
2015/7/9,118.6094311,118.8105452,114.1753442,114.9893775,78595038
2015/7/10,116.7802506,118.6094311,116.0811397,118.06355,61354474
2015/7/13,119.7395008,120.4338233,119.0595436,120.3428431,41440538
2015/7/14,120.7067638,121.0228003,119.7490777,120.2949588,31768139
2015/7/15,120.4003043,121.7697955,120.2662282,121.453759,33649200
2015/7/16,122.3348303,123.1297098,121.9613327,123.0722487,36222447
2015/7/17,123.6181298,124.1352803,122.8807114,124.1352803,46164710
2015/7/20,125.4281566,127.3435289,125.1695814,126.4816114,58900203
2015/7/21,127.2286066,127.2956446,124.8056606,125.2174657,76756427
2015/7/22,116.8281349,120.1896133,116.8281349,119.9214612,115450607
2015/7/23,120.8599936,121.7123343,119.7682314,119.864,50999452
2015/7/24,120.0172298,120.419458,118.6573155,119.2319272,42162332
2015/7/27,117.8815897,118.3795865,116.9526341,117.5751301,44455540
2015/7/28,118.1593187,118.6668923,117.3644391,118.1593187,33618097
2015/7/29,117.9390508,118.274241,117.096287,117.785821,37011653
2015/7/30,117.1441713,117.3834971,116.5599828,117.1920556,33628268
2015/7/31,117.4123234,117.4530251,115.7938338,116.1673314,42884953
2015/8/3,116.3588687,117.3835929,112.5472777,113.428349,69975968
2015/8/4,112.4515091,112.7196613,108.4579578,109.7891416,124138623
2015/8/5,108.170652,112.4706629,107.3566187,110.5169831,98384461
2015/8/6,111.5644944,112.0743606,109.7799628,110.7564046,52903040
2015/8/7,110.2272982,111.8338577,110.1503373,111.1315892,38670405
2015/8/10,112.103221,115.4317814,112.103221,115.1720382,54951597
2015/8/11,113.3345959,113.6905402,109.0247836,109.1787055,97082814
2015/8/12,108.2551743,111.035388,105.4653404,110.8622259,101685610
2015/8/13,111.6318352,111.9781595,110.1888177,110.7756449,48535789
2015/8/14,109.9771752,111.8915784,109.6789515,111.5548743,42929516
2015/8/17,111.6318352,113.1806741,111.1123489,112.7092883,40884745
2015/8/18,112.0070198,112.9786516,111.6029749,112.0743606,34560708
2015/8/19,111.6895559,112.0936009,110.3234994,110.6409632,48286510
2015/8/20,109.7462924,110.0060355,107.3893637,108.3706157,68501622
2015/8/21,106.2349497,107.6491069,101.6317238,101.7423552,128275471
2015/8/24,91.266048,104.6668707,88.50507448,99.20264435,162206292
2015/8/25,106.8891177,106.8891177,99.56820879,99.79909159,103601599
2015/8/26,103.0170207,105.7154634,101.0593269,105.5230611,96774611
2015/8/27,107.985811,108.9382025,105.8405249,108.6303588,84616056
2015/8/28,107.9088501,109.0055434,107.3027827,108.9863031,53164407
2015/8/31,107.8703696,110.1791976,107.7453081,108.4764369,56229271
2015/9/1,105.9944468,107.6298667,103.2815739,103.6278981,76845860
2015/9/2,105.8212847,108.072392,104.9852966,108.072392,61888812
2015/9/3,108.2166938,108.4956772,105.8597652,106.177229,53233940
2015/9/4,104.8304127,106.25419,104.3878873,105.1190162,49996311
2015/9/8,107.408604,108.2840346,106.1291284,108.0435317,54843626
2015/9/9,109.4384486,109.6885717,105.600022,105.9655865,85010804
2015/9/10,106.0810279,108.979088,105.7250835,108.2936547,62892831
2015/9/11,107.5432856,109.8713539,107.5144253,109.8713539,49915473
2015/9/14,112.1513216,112.4495452,110.4966615,110.9295667,58363431
2015/9/15,111.526014,112.103221,110.0733763,111.8627181,43341155
2015/9/16,111.8338577,112.1128411,111.0546282,111.9877796,37173489
2015/9/17,111.2662708,112.0647405,109.3951581,109.5923705,64112641
2015/9/18,107.9473305,109.9579349,107.6202465,109.140225,74285291
2015/9/21,109.3518676,110.9872874,109.3422475,110.8333656,50221965
2015/9/22,109.0728842,109.8424935,108.2456503,109.0921244,50346159
2015/9/23,109.3133871,110.3619798,108.9959232,109.9771752,35756716
2015/9/24,108.9478227,111.1123489,108.1012524,110.6313431,50219475
2015/9/25,112.0166399,112.2571428,109.6885717,110.3523597,56151926
2015/9/28,109.5250297,110.2176781,108.1685932,108.1685932,50782189
2015/9/29,108.5437778,109.1979457,103.7625797,104.9169937,73365384
2015/9/30,105.9848267,107.3027827,104.5995299,105.7731841,65041596
2015/10/1,104.9266138,105.4557203,103.2334733,105.4172398,63929100
2015/10/2,103.9068815,106.7963797,103.4643561,106.1868491,58019758
2015/10/5,105.7058433,107.1390483,104.9266138,106.5716538,52064743
2015/10/6,106.4273521,107.495185,105.595212,107.08152,48856977
2015/10/7,107.495185,107.5240454,105.2536978,106.5716538,46765550
2015/10/8,106.0040669,106.0040669,104.0992838,105.3402789,61979577
2015/10/9,105.8212847,108.0146713,105.3306587,107.8607495,52766140
2015/10/12,108.4475766,108.4668168,107.2065815,107.3605034,30467204
2015/10/13,106.6101343,108.1782133,106.4754526,107.5432856,33049256
2015/10/14,107.0622798,107.2835425,105.3979996,106.0233072,44462449
2015/10/15,106.7159556,107.8415092,106.2926704,107.6106264,37673452
2015/10/16,107.5336655,107.7453081,106.3311509,106.8217769,39232609
2015/10/19,106.590894,107.5048051,105.927106,107.4855649,29759153
2015/10/20,107.1103804,109.8328734,106.6101343,109.4480687,48967763
2015/10/21,109.6693314,111.1893099,109.3807279,109.4384486,42326974
2015/10/22,109.9867953,111.1123489,109.7655326,111.1123489,41654089
2015/10/23,112.266763,114.6987285,111.9108186,114.5563508,59366914
2015/10/26,113.5943391,113.6424397,110.5543822,110.9007064,66333781
2015/10/27,111.0161478,112.1128411,109.6597113,110.1984378,69884400
2015/10/28,112.4880256,114.7679933,111.6510755,114.739133,85551352
2015/10/29,114.1907863,116.1051896,113.7771213,115.9512677,51227334
2015/10/30,116.3937931,116.6150557,114.9122951,114.9603957,49365254
2015/11/2,115.31634,116.7497374,115.0662169,116.5765753,32203267
2015/11/3,116.2013907,118.7988223,116.1148097,117.9137715,45518976
2015/11/4,118.4524981,119.1162861,116.9998604,117.3654249,44886050
2015/11/5,117.7252166,118.5367815,116.1117483,116.8266983,39552680
2015/11/6,117.0102666,117.6865706,116.5368537,116.9619591,33042283
2015/11/9,116.8653443,117.6865706,115.986149,116.4885463,33871405
2015/11/10,112.9427806,114.0731746,112.1321819,112.8171813,59127931
2015/11/11,112.4307218,113.4451779,111.3099894,112.1795232,45217971
2015/11/12,112.3244455,112.8654887,111.7350948,111.8027252,32525579
2015/11/13,111.3003279,111.6578029,108.4695122,108.5371426,45812403
2015/11/16,107.6096399,110.3728251,107.2425034,110.3100255,38106701
2015/11/17,111.0298062,111.1554056,109.4839684,109.8414434,27583101
2015/11/18,111.8413711,113.5128083,111.5901725,113.3195786,46674697
2015/11/19,113.6577306,115.6963044,112.8075198,114.7591401,43295820
2015/11/20,115.1649226,115.8605496,114.8267705,115.2615375,34287096
2015/11/23,115.232553,115.6769814,113.367886,113.764007,32482528
2015/11/24,113.3582246,115.3098449,113.1553333,114.855755,42803172
2015/11/25,115.1745841,115.193907,113.9282523,114.0345286,21388308
2015/11/27,114.2857273,114.4016651,113.6190847,113.8219759,13046445
2015/11/30,113.9958827,115.3678138,113.764007,114.2953888,39180322
2015/12/1,114.7301557,114.7881246,112.9041347,113.367886,34852374
2015/12/2,113.0877029,114.1118205,112.1505387,112.3437684,33386563
2015/12/3,112.6046286,112.8365043,110.3535022,111.3003279,41569509
2015/12/4,111.3872813,115.21323,111.2133745,115.0006773,57776977
2015/12/7,114.9523699,115.8025807,113.8219759,114.2760658,32084249
2015/12/8,113.5417928,114.5852334,112.9041347,114.2277584,34309450
2015/12/9,113.6577306,113.7060381,111.18439,111.7061103,46361357
2015/12/10,112.1118928,112.9814266,111.599834,112.2374921,29212727
2015/12/11,111.2906664,111.4838961,109.0308446,109.3487075,46886161
2015/12/14,108.3825589,108.8656332,106.0734635,108.6724035,65003609
2015/12/15,108.1506832,108.981571,106.6145068,106.7497676,53323105
2015/12/16,107.3101338,108.1989906,105.1169763,107.570994,56238467
2015/12/17,108.2279751,108.4501893,105.2908831,105.2908831,44772827
2015/12/18,105.2232527,105.8126034,102.2281918,102.4407445,96453327
2015/12/21,103.6484303,103.7353837,101.9963161,103.6967378,47590610
2015/12/22,103.7643682,104.0735357,102.8474931,103.6001229,32789367
2015/12/23,103.6387688,105.1652838,103.5711384,104.9334081,32657354
2015/12/24,105.3102061,105.3102061,104.2957499,104.3730418,13596680
2015/12/28,103.9479364,104.0445513,102.5863431,103.2040019,26704210
2015/12/29,103.3392628,105.72565,103.2426479,105.0590074,30931243
2015/12/30,104.9044236,105.0203615,103.5518155,103.6870763,25213777
2015/12/31,103.3875702,103.4068932,101.2717046,101.69681,40912316
2016/1/4,99.136516,101.8011541,98.5471653,101.7837634,67649387
2016/1/5,102.1702228,102.2668377,98.94328626,99.23313086,55790992
2016/1/6,97.1559112,98.90464031,96.48926861,97.29117202,68457388
2016/1/7,95.33955169,96.74046727,93.16571716,93.18504013,81094428
2016/1/8,95.21395236,95.75499562,93.48454622,93.67777596,70798016
2016/1/11,95.6197348,95.70668818,94.04491245,95.19462938,49739377
2016/1/12,97.14624972,97.28151053,95.49403886,96.576222,49154227
2016/1/13,96.92403552,97.76458487,94.00626651,94.09321989,62439631
2016/1/14,94.64392464,97.07861931,92.49907457,96.15111658,63170127
2016/1/15,92.94350296,94.40238747,92.13193807,93.84202123,79833891
2016/1/19,95.07869154,95.31056723,92.26719888,93.38793135,53087747
2016/1/20,91.88073941,94.86584899,90.25760963,93.51353068,72334416
2016/1/21,93.77439082,94.56663274,91.72615562,93.04011783,52161463
2016/1/22,95.29124425,98.02544501,95.04004559,97.98679907,65800467
2016/1/25,98.08341393,98.09307542,95.85161049,96.07382468,51794525
2016/1/26,96.54723753,97.46507878,94.75020099,96.60520646,75077002
2016/1/27,92.78891917,93.35788413,90.18031774,90.25760963,133369674
2016/1/28,90.61508464,91.32037318,89.26247649,90.90492925,55678825
2016/1/29,91.58123332,94.04491245,91.1561279,94.04491245,64416504
2016/2/1,93.2043631,93.43623879,92.17058402,93.16571716,40943541
2016/2/2,92.18990699,92.78891917,91.0884975,91.28172723,37357215
2016/2/3,91.78412455,93.56183812,90.89526776,93.08842526,45964294
2016/2/4,93.11356113,94.54144487,92.46275698,93.83235975,46471652
2016/2/5,93.75465179,94.14319158,91.00573276,91.32627809,46418064
2016/2/8,90.46177705,92.95814521,90.3743556,92.28791407,54021375
2016/2/9,91.58854245,93.19126909,91.23885663,92.26848708,44331195
2016/2/10,93.1718421,93.58952238,91.40398605,91.56911546,42343601
2016/2/11,91.10286771,92.00622272,89.93724833,91.01544625,50074711
2016/2/12,91.4914075,91.79252584,90.34521511,91.2971376,40351381
2016/2/16,92.29762757,94.07519712,91.89937428,93.87121372,49057916
2016/2/17,93.90035421,95.39623241,93.39525248,95.30881095,44863243
2016/2/18,96.00818258,96.05675005,93.33794286,93.50210092,39020983
2016/2/19,93.24955006,93.98767853,93.05528016,93.28840404,35374173
2016/2/22,93.5506684,94.12376459,93.1718421,94.1043376,34280758
2016/2/23,93.63808985,93.7352248,91.84109331,91.97708224,31942633
2016/2/24,91.28742411,93.61866286,90.64633345,93.34668501,36255745
2016/2/25,93.29811753,93.98777566,92.52103795,93.98777566,27582659
2016/2/26,94.41516943,95.21527,93.81293276,94.13347808,28991131
2016/2/29,94.08491061,95.4156594,93.88092722,93.9197812,35216277
2016/3/1,94.8522767,97.88288708,94.62886632,97.6497632,50407147
2016/3/2,97.63033621,97.99944901,96.78526216,97.86346009,33169560
2016/3/3,97.69833067,98.79585845,97.57205524,98.5919722,36955742
2016/3/4,99.43704624,100.7775085,98.46569676,100.0587099,46055100
2016/3/7,99.45647323,99.883867,98.06744348,98.9513715,35915810
2016/3/8,97.89260057,98.84452306,97.52348777,98.13543794,31182194
2016/3/9,98.4074158,98.66968015,97.39721234,98.22285939,27201683
2016/3/10,98.50455074,99.31077081,97.2806504,98.27142687,33513577
2016/3/11,99.31077081,99.34962479,98.5919722,99.3301978,27408237
2016/3/14,98.99022548,99.96157496,98.86395005,99.58274867,25076062
2016/3/15,100.9814919,102.1665383,100.8746435,101.5837286,40067734
2016/3/16,101.6128691,103.2641632,101.5934421,102.9339044,38303493
2016/3/17,102.4967971,103.4195791,101.9528414,102.768775,34420705
2016/3/18,103.2933037,103.4487196,102.1762518,102.8853369,44205171
2016/3/21,102.8950504,104.5657715,102.1277814,102.8756234,35502678
2016/3/22,102.2345327,104.2160857,102.1956788,103.6624165,32444375
2016/3/23,103.4292926,104.0023888,102.8659099,103.0893203,25703495
2016/3/24,102.4482296,103.2058822,101.8848469,102.6424995,26132955
2016/3/28,102.9630449,103.1476013,102.0499763,102.1762518,19411372
2016/3/29,101.8848469,104.7017604,101.8751334,104.594912,31190083
2016/3/30,105.537121,107.2564096,105.4885535,106.421049,45601149
2016/3/31,106.5764649,106.7513078,105.7605314,105.8673798,25888449
2016/4/1,105.6633964,106.8484428,105.1000137,106.8387293,25873950
2016/4/4,107.2564096,108.9756981,107.1107071,107.9363542,37356204
2016/4/5,106.3724815,107.5575279,106.2850601,106.6638864,26578652
2016/4/6,107.0718532,107.8003653,106.0713632,107.7809383,26404077
2016/4/7,106.7998753,107.2564096,105.0232771,105.4302725,31801870
2016/4/8,105.7896718,106.6250324,105.0708732,105.5468345,23581740
2016/4/11,105.8479528,107.440966,105.7119639,105.8965203,29407518
2016/4/12,106.2073521,107.3341175,105.5468345,107.2758365,27232325
2016/4/13,107.6255224,109.1214006,107.6255224,108.8299957,33257316
2016/4/14,108.4220289,109.169968,108.1403376,108.8882767,25473923
2016/4/15,108.8979902,109.0825466,106.5861784,106.7027404,46938969
2016/4/18,105.7702449,105.8285258,103.8761134,104.4006421,60821461
2016/4/19,104.7891819,104.9057438,103.1864552,103.8469729,32384879
2016/4/20,103.5847085,104.9931653,103.0213258,104.0606698,30611030
2016/4/21,103.8663999,103.8663999,102.4967971,102.9339044,31552525
2016/4/22,102.0014089,103.4292926,101.6225826,102.652213,33683121
2016/4/25,101.9916954,102.6230725,101.5157341,102.0694033,28031588
2016/4/26,100.9329244,102.2831002,100.9329244,101.3603182,56016165
2016/4/27,93.24955006,95.88190715,92.93871822,95.01740611,114602142
2016/4/28,94.81342272,95.07568708,91.54968847,92.11307117,82242690
2016/4/29,91.2971376,92.00622272,89.85954037,91.05430023,68531478
2016/5/2,91.27285387,91.38455906,89.75269193,90.95716529,48160104
2016/5/3,91.50112099,92.99699919,90.99601926,92.45304348,56831277
2016/5/4,92.47247047,93.15241511,91.13200819,91.4914075,41025475
2016/5/5,91.86503326,91.93344339,90.57501365,91.1222947,35890500
2016/5/6,91.24934208,91.32752509,89.76386495,90.61410515,43699886
2016/5/9,90.88774568,91.64025712,90.48705776,90.68251528,32936436
2016/5/10,91.21025058,91.4447996,90.01795972,91.29820646,33686836
2016/5/11,91.35684372,91.4447996,90.36001038,90.40887476,28719109
2016/5/12,90.61410515,90.67274241,87.43792049,88.28816069,76314690
2016/5/13,87.95588291,89.58795318,87.95588291,88.46407246,44392765
2016/5/16,90.29160025,92.24617542,89.56840743,91.74775875,61259756
2016/5/17,92.40254144,92.54913458,90.89751855,91.36661659,46916939
2016/5/18,92.02139928,93.04755125,91.75753163,92.41231431,42062391
2016/5/19,92.49049732,92.49049732,91.4447996,92.06049078,30442100
2016/5/20,92.49049732,93.26255451,92.37322281,93.05732412,32025968
2016/5/23,93.69256105,94.98258067,93.49710354,94.2398421,38018643
2016/5/24,95.0118993,95.8621395,94.64053001,95.67645486,35140174
2016/5/25,96.4289663,97.47466402,95.88168525,97.35738951,38642108
2016/5/26,97.41602676,98.44217873,96.39964767,98.1294467,56331159
2016/5/27,97.18147774,98.18808396,96.99090666,98.07080945,36341240
2016/5/31,97.33784376,98.11967383,96.57555944,97.59193853,42307212
2016/6/1,96.77101696,97.2792065,96.09668852,96.22373591,29173285
2016/6/2,95.38326858,95.6178176,94.43529962,95.50054309,40191600
2016/6/3,95.56895322,96.03805126,95.23667544,95.69600061,28504888
2016/6/6,95.76441074,99.57583233,95.3344042,96.3898748,23292504
2016/6/7,96.9957931,97.6017114,96.7123797,96.78078983,22409450
2016/6/8,96.77101696,97.29875225,96.43873918,96.69283395,20848131
2016/6/9,96.26282741,97.71898592,96.22373591,97.38670814,26601354
2016/6/10,96.29214604,97.08931952,96.24328166,96.58533231,31712936
2016/6/13,96.44851205,96.86874571,94.89462479,95.12917381,38020494
2016/6/14,95.10962806,96.23839522,94.55257413,95.24644832,31931944
2016/6/15,95.59827185,96.17487153,94.82621466,94.93371629,29445227
2016/6/16,94.25938785,95.52986172,93.88801857,95.3344042,31326815
2016/6/17,94.42552674,94.45484537,93.13550713,93.16482576,61008219
2016/6/20,93.81960844,94.37666236,92.87163948,92.94004961,34411901
2016/6/21,92.7836836,94.1616591,92.52567967,93.73165256,35546358
2016/6/22,94.06393034,94.68939439,93.18437151,93.37982903,29219122
2016/6/23,93.76097118,94.10302184,93.08664275,93.9173372,32240187
2016/6/24,90.79978979,92.50515663,90.54569502,91.27866071,75311356
2016/6/27,90.88774568,90.93661006,89.42181429,89.94954959,46622188
2016/6/28,90.79001692,91.53275548,90.04727835,91.46434535,40444914
2016/6/29,91.83571464,92.40254144,91.50343686,92.2559483,36531006
2016/6/30,92.2950398,93.59483229,92.15821954,93.4286934,35836356
2016/7/1,93.32119177,94.27404717,93.16482576,93.7121068,26026540
2016/7/5,93.22346301,93.23323589,92.31458555,92.83254798,27705210
2016/7/6,92.45140582,93.48733066,92.22662967,93.36028327,30949090
2016/7/7,93.52642216,94.30825223,93.44823916,93.76097118,25139558
2016/7/8,94.29847936,94.68939439,93.86847282,94.484164,28912103
2016/7/11,94.55257413,95.43213296,94.53302838,94.77735028,23794945
2016/7/12,94.96303492,95.48099734,94.91417054,95.20735681,24167463
2016/7/13,95.19758394,95.45167871,94.64053001,94.66984864,25892171
2016/7/14,95.17803819,96.74169833,95.10962806,96.54624081,38918997
2016/7/15,96.6732882,97.04465748,96.26282741,96.53646793,30136990
2016/7/18,96.45828493,97.85580618,96.36055617,97.5626199,36493867
2016/7/19,97.29875225,97.72875879,97.08374898,97.6017114,23779924
2016/7/20,97.72875879,98.17831108,97.46977758,97.68966729,26275968
2016/7/21,97.5626199,98.70604638,96.87851859,97.17170487,32702028
2016/7/22,97.00556598,97.04465748,96.07714277,96.41919342,28313669
2016/7/25,96.01850551,96.59510519,94.71871302,95.12917381,40382921
2016/7/26,94.62098426,95.74486499,94.23006923,94.47439112,56239822
2016/7/27,101.8968904,101.9799598,100.4162997,100.6117572,92344820
2016/7/28,100.4944827,102.0776886,100.4847098,101.9701869,39869839
2016/7/29,101.8235938,102.1754173,101.3251771,101.8431395,27733688
2016/8/1,102.0385971,103.7390775,102.0385971,103.6413487,38167871
2016/8/2,103.6413487,103.6608944,101.6379091,102.1070072,33816556
2016/8/3,102.4295121,103.4361183,102.3904206,103.3872539,30202641
2016/8/4,103.7375516,104.1502223,103.4427868,104.0224909,27408650
2016/8/5,104.4155106,105.7714286,104.3270811,105.6043952,40553402
2016/8/8,105.6436971,106.478864,105.2899794,106.478864,28037220
2016/8/9,106.3413071,107.0389171,106.1251463,106.9111857,26315204
2016/8/10,106.8129308,106.9996151,105.879509,106.1153208,24008505
2016/8/11,106.6262464,107.0290916,105.9679384,106.0465423,27484506
2016/8/12,105.89916,106.5476425,105.89916,106.2921797,18660434
2016/8/15,106.2528777,107.6284467,106.1939247,107.5694937,25868209
2016/8/16,107.7168761,108.3064057,107.3042054,107.4712388,33794448
2016/8/17,107.196125,107.4614133,106.4493875,107.3140309,25355976
2016/8/18,107.3238564,107.6873996,107.117521,107.176474,21984703
2016/8/19,106.8718837,107.7758291,106.4690385,107.4515878,25368072
2016/8/22,106.9603132,107.196125,105.9679384,106.6164209,25820230
2016/8/23,106.6950249,107.4122858,106.6360719,106.9504877,21257669
2016/8/24,106.6704611,106.8522327,105.800905,106.1447973,23675081
2016/8/25,105.5159657,105.9974149,104.8183558,105.6928246,25086248
2016/8/26,105.5356167,106.0661933,104.4548125,105.0738186,27766291
2016/8/29,104.7594028,105.5650932,104.4351615,104.9559127,24970300
2016/8/30,103.9537124,104.6414969,103.6589476,104.1502223,24863945
2016/8/31,103.8161555,104.7101771,103.7965045,104.2484772,29662406
2016/9/1,104.2877792,104.9362617,103.7768535,104.8674832,26701523
2016/9/2,105.820556,106.1153208,104.9559127,105.8500325,26802450
2016/9/6,106.0170659,106.4100856,105.6338717,105.820556,26880391
2016/9/7,105.9482874,106.8620582,105.20155,106.4690385,42364328
2016/9/8,105.3784088,105.3980598,103.4034848,103.6785986,53002026
2016/9/9,102.8139553,103.8751085,101.3303059,101.3303059,46556984
2016/9/12,100.8586822,103.8751085,100.7407763,103.5999947,45292770
2016/9/13,105.6338717,106.8915347,105.3685834,106.0661933,62176190
2016/9/14,106.8325818,111.0575436,106.7048504,109.8195315,112340318
2016/9/15,111.8730595,113.7104266,111.5095163,113.5532187,90613177
2016/9/16,113.1110716,114.1034463,112.0499184,112.9145617,79886911
2016/9/19,113.17985,114.1525738,111.2737044,111.5979457,47023046
2016/9/20,111.0771946,112.1285223,110.546618,111.5881202,34514269
2016/9/21,111.863234,111.9998084,110.4788221,111.5684692,36003185
2016/9/22,112.3545086,112.9342127,112.0106164,112.6197969,31073984
2016/9/23,112.4232871,112.7868303,109.6033707,110.7431278,52481151
2016/9/26,109.6918001,111.4112613,109.6033707,110.9101612,29869442
2016/9/27,111.0280671,111.204926,110.3795846,111.1164966,24607412
2016/9/28,111.7060261,112.6394479,111.4505633,111.9614889,29641085
2016/9/29,111.185275,111.8141065,109.849008,110.2223767,35886990
2016/9/30,110.4974905,111.3916104,109.849008,111.0771946,36379106
2016/10/3,110.7431278,111.0771946,110.3206317,110.5564435,21701760
2016/10/4,111.0870201,112.3152067,110.6645239,111.0280671,29736835
2016/10/5,111.4210868,111.6765496,110.7234769,111.0771946,21453089
2016/10/6,111.7158516,112.3446831,111.1557985,111.902536,28779313
2016/10/7,112.3152067,112.560844,111.5291673,112.0695694,24358443
2016/10/10,113.0128166,114.7126269,112.7180519,114.0248424,36235956
2016/10/11,115.6460487,116.6187725,114.1722248,114.2704797,64041043
2016/10/12,115.3021564,115.9211625,114.7126269,115.2923309,37586787
2016/10/13,114.7519288,115.3905859,113.7006011,114.9386132,35192406
2016/10/14,115.8229075,116.1078468,115.0859956,115.5772702,35652191
2016/10/17,115.2825055,115.7836056,114.7421034,115.4986663,23624896
2016/10/18,116.1176723,116.1471488,115.4004114,115.4200624,24553478
2016/10/19,115.2039015,115.7050016,111.8141065,115.0761701,20034594
2016/10/20,114.8207073,115.3316329,114.2999562,115.0172172,24125801
2016/10/21,114.7715798,114.8698348,114.2508287,114.5652445,23192665
2016/10/24,115.0565191,115.6853507,114.9582642,115.5969212,23538673
2016/10/25,115.891686,116.2945312,115.2628545,116.1864508,48128970
2016/10/26,112.3152067,113.6809501,111.3326574,113.5728697,66134219
2016/10/27,113.3763599,113.838158,112.1088713,112.48224,34562045
2016/10/28,111.882885,113.199501,111.4702143,111.7355026,37861662
2016/10/31,111.6667242,112.2366027,111.224577,111.5586437,26419398
2016/11/1,111.4800398,111.7846301,108.6011704,109.5444177,43825812
2016/11/2,109.4559883,110.3894101,109.2889549,109.6426727,28331709
2016/11/3,109.6092349,110.0833062,108.1968974,108.473439,26932602
2016/11/4,107.1894959,108.8882514,106.7746835,107.495667,30836997
2016/11/7,108.7203512,109.14504,108.1080091,109.0462752,32560000
2016/11/8,108.9475103,110.3400948,108.3450447,109.6882467,24254179
2016/11/9,108.5228215,109.9450354,106.7154246,109.51047,59176361
2016/11/10,109.7178762,109.7178762,104.5228449,106.458636,57134541
2016/11/11,105.5993818,107.5252964,105.2339518,107.0907311,34143898
2016/11/14,105.9944412,106.4774013,102.7944599,104.4043271,51175504
2016/11/15,105.2537048,106.3499947,104.8480775,105.787035,32264510
2016/11/16,105.3820991,108.8684985,105.2833343,108.6314628,58840522
2016/11/17,108.4536861,108.9870163,107.4857905,108.5919569,27632003
2016/11/18,108.3647977,109.1746695,108.3055388,108.7005982,28428917
2016/11/21,108.7598571,110.6067599,108.6512158,110.3499713,29264571
2016/11/22,110.5672539,111.0314488,110.0240472,110.4191067,25965534
2016/11/23,109.9845413,110.1326886,108.9672633,109.856147,27426394
2016/11/25,109.7573821,110.4882421,109.5796054,110.4092302,11475922
2016/11/28,110.0536767,111.0758929,110.0141708,110.1919475,27193983
2016/11/29,109.4117051,110.6462658,108.7104747,110.0833062,28528750
2016/11/30,110.182071,110.8141661,108.9080044,109.1549165,36162258
2016/12/1,109.001831,109.5697289,107.6833202,108.1376385,37086862
2016/12/2,107.821591,108.7302277,107.5055435,108.5425744,26527997
2016/12/5,108.6413393,108.6709687,106.9129543,107.7623321,34324540
2016/12/6,108.147515,108.9968928,107.841344,108.5919569,26195462
2016/12/7,107.9104794,109.816641,107.8117145,109.6586173,29998719
2016/12/8,109.490717,111.0413252,109.2339284,110.7351542,27068316
2016/12/9,110.9228074,113.2832874,110.9228074,112.542551,34402627
2016/12/12,111.890703,113.579582,111.1005841,111.9005795,26374377
2016/12/13,112.4339097,114.4882186,112.3450213,113.7672352,43733811
2016/12/14,113.6190879,114.7647602,113.559829,113.7672352,34031834
2016/12/15,113.9548884,115.288214,113.8067411,114.3894538,46524544
2016/12/16,115.0314253,115.0610548,114.2166153,114.5376011,44351134
2016/12/19,114.3697008,115.9301855,114.3203184,115.1993256,27779423
2016/12/20,115.2980904,116.0487033,115.2388315,115.5054966,21424965
2016/12/21,115.3573494,115.9499385,115.3375964,115.614138,23783165
2016/12/22,114.9129075,115.0709313,114.211677,114.8536486,26085854
2016/12/23,114.1622946,115.0808078,114.1622946,115.0808078,14249484
2016/12/27,115.0808078,116.3449979,115.0511783,115.8116677,18296855
2016/12/28,116.0684563,116.5589226,114.7647602,115.3178434,20905892
2016/12/29,115.0116724,115.6630266,114.9622899,115.288214,15039519
2016/12/30,115.2092021,115.7524088,114.0042709,114.3894538,30586265
2017/1/3,114.3697008,114.8931545,113.3425463,114.7153778,28781865
2017/1/4,114.4190832,115.0709313,114.3203184,114.5869835,21118116
2017/1/5,114.4882186,115.4207564,114.3795773,115.1696961,22193587
2017/1/6,115.3375964,116.7005514,115.0314253,116.4536392,31751900
2017/1/9,116.4931452,117.954865,116.4832687,117.5202997,33561948
2017/1/10,117.303017,117.9054826,116.8388222,117.6388175,24462051
2017/1/11,117.2733875,118.4486893,117.1351167,118.2709125,27588593
2017/1/12,117.426473,117.8264707,116.7499338,117.7770883,27086220
2017/1/13,117.6388175,118.1425182,117.3425229,117.5696821,26111948
2017/1/17,116.8783281,118.7548603,116.7598103,118.5178247,34439843
2017/1/18,118.5178247,119.0116489,118.2314066,118.5079482,23712961
2017/1/19,117.9252356,118.606713,117.8956061,118.300542,25597291
2017/1/20,118.9622665,118.9622665,118.2557028,118.5178247,32597892
2017/1/23,118.5178247,119.31782,118.2906655,118.5968366,22050218
2017/1/24,118.0733828,118.6165895,118.0240004,118.4881952,23211038
2017/1/25,118.9326371,120.5918866,118.7943663,120.3746039,32586673
2017/1/26,120.1671977,120.9276871,120.0980623,120.4338628,26337576
2017/1/27,120.6313925,120.8387987,120.0980623,120.4437393,20562944
2017/1/30,119.4363378,120.1276918,119.1696727,120.1276918,30377503
2017/1/31,119.6536205,119.8906561,119.1301668,119.8511502,49200993
2017/2/1,125.4609939,128.8782579,125.4412409,127.1597494,111985040
2017/2/2,126.3943218,127.7918445,126.2017303,126.9424667,33710411
2017/2/3,126.725184,127.5943147,126.5770368,127.4856734,24507301
2017/2/6,127.5350558,128.8881343,127.3078967,128.6807281,26845924
2017/2/7,128.9276403,130.4584955,128.8387519,129.9054123,38183841
2017/2/8,129.7276356,130.5868898,129.5992413,130.4091131,23004072
2017/2/9,130.5836163,131.3721767,130.0579094,131.3473792,28349859
2017/2/10,131.3870552,131.8631671,130.9803763,131.0498092,20065458
2017/2/13,132.0020331,132.736039,131.6747062,132.2103321,23035421
2017/2/14,132.388874,133.9957518,132.1706561,133.9263188,33226223
2017/2/15,134.4222688,135.1661937,133.5295589,134.4123498,35623100
2017/2/16,134.5710537,134.7991907,133.7475785,134.2486863,22584555
2017/2/17,134.0056708,134.7297577,134.0056708,134.6206487,22198197
2017/2/21,135.1265177,135.6423056,134.8785427,135.5927106,24507156
2017/2/22,135.3248976,136.0093085,135.0074897,135.9993895,20836932
2017/2/23,136.2672025,136.3663925,135.1959506,135.4240876,20788186
2017/2/24,134.8091097,135.5530346,134.1842128,135.5530346,21776585
2017/2/27,136.0291465,136.321757,135.1761126,135.8208476,20257426
2017/2/28,135.9696325,136.321757,135.5927106,135.8803615,23482860
2017/3/1,136.7730714,139.0147651,136.480461,138.6576812,36414585
2017/3/2,138.8659801,139.1423234,137.6360243,137.8344043,26210984
2017/3/3,137.6558623,138.6973571,137.4674013,138.6477622,21571121
2017/3/6,138.2361237,138.6378432,137.4732535,138.2113262,21750044
2017/3/7,137.9335943,138.8461421,137.6657813,138.3898682,17446297
2017/3/8,137.8244853,138.6676001,137.6955383,137.8740803,18707236
2017/3/9,137.6161863,137.6657813,135.9398755,137.5566723,22155904
2017/3/10,138.1220552,138.2282877,137.5169963,138.0129462,19612801
2017/3/13,137.7252953,138.3005972,137.6955383,138.0724602,17421717
2017/3/14,138.1716502,138.5188152,137.7153763,137.8641613,15309065
2017/3/15,138.2807592,139.6100042,137.8988778,139.3222541,25691774
2017/3/16,139.580148,139.877718,139.1238741,139.550391,19231998
2017/3/17,139.85788,139.85788,138.7568711,138.8560611,43884952
2017/3/20,139.2627401,140.3538299,139.0941171,140.3141539,21542038
2017/3/21,140.9588888,141.6432997,138.5981672,138.7072761,39529912
2017/3/22,138.7122356,140.4530199,138.6279242,140.2744779,25860165
2017/3/23,140.1157739,140.4375463,139.471039,139.778528,20346301
2017/3/24,140.3538299,140.5918859,139.2131451,139.500796,22395563
2017/3/27,138.2609212,140.0760979,137.4971583,139.738852,23575094
2017/3/28,139.768609,142.8732555,139.480958,142.6351996,33374805
2017/3/29,142.5161716,143.3196105,142.0301407,142.9526075,29189955
2017/3/30,143.0220405,143.3295295,142.3376296,142.7641466,21207252
2017/3/31,142.5558476,143.1013925,141.8515987,142.4963336,19661651
2017/4/3,142.5459286,142.9526075,141.8912747,142.5360096,19985714
2017/4/4,142.0896547,143.7163704,142.0103027,143.5973424,19891354
2017/4/5,143.0517975,144.2817533,142.6451186,142.8534176,27717854
2017/4/6,143.1212305,143.3493675,142.2880346,142.4963336,21149034
2017/4/7,142.5657666,143.0121215,142.1094927,142.1789256,16658543
2017/4/10,142.4368196,142.7137581,141.7424897,142.0103027,18933397
2017/4/11,141.7821657,142.1888446,138.9254941,140.4827769,30379376
2017/4/12,140.4530199,140.9985648,139.867799,140.6513999,20350000
2017/4/13,140.7605089,141.2267018,139.907475,139.907475,17822880
2017/4/17,140.3339919,140.7307519,139.728933,140.6811569,16582094
2017/4/18,140.2645589,140.8894558,139.966989,140.05626,14697544
2017/4/19,140.7307519,140.8497798,139.3123351,139.540472,17328375
2017/4/20,140.0760979,141.7623277,140.016584,141.2862158,23319562
2017/4/21,141.2862158,141.5242717,140.7009949,141.1175928,17320928
2017/4/24,142.3376296,142.7839846,142.0202217,142.4764956,17116599
2017/4/25,142.7443086,143.7262894,142.7046326,143.3692055,18216472
2017/4/26,143.2997725,143.4287195,142.2148324,142.4872081,19614287
2017/4/27,142.7567073,142.9922835,142.1491687,142.6252806,13948980
2017/4/28,142.9228505,143.1311495,142.1094927,142.4864146,20247187
2017/5/1,143.9246694,146.0076591,143.7858034,145.4125192,32818760
2017/5/2,146.3449051,146.89045,145.6505752,146.3151481,39752670
2017/5/3,144.4107003,146.2953101,143.1013925,145.8687931,45142806
2017/5/4,145.3331672,145.9481451,144.6289183,145.3430862,23275690
2017/5/5,145.5712232,147.7732408,145.5712232,147.7534028,26787359
2017/5/8,147.8228358,152.4550082,147.8228358,151.7606783,48339210
2017/5/9,152.6236312,153.62545,152.2070332,152.7129021,35942435
2017/5/10,152.3855752,152.6930641,150.8778874,152.0185722,25670456
2017/5/11,151.8339416,153.4473951,151.6945074,153.3278801,25596687
2017/5/12,154.0748493,155.7878987,154.0449705,155.4691918,32221756
2017/5/15,155.3795555,156.0169692,154.4234349,155.0708082,25700983
2017/5/16,155.3098384,155.4293534,154.0947684,154.8417377,19904679
2017/5/17,152.9792944,153.9453746,149.1050141,149.6428319,49482818
2017/5/18,150.6587101,152.7203451,150.5192758,151.9235779,33159664
2017/5/19,152.7601835,153.3577588,152.0132142,152.3418807,26733798
2017/5/22,153.377678,153.9553342,152.2920827,153.3677184,22340069
2017/5/23,154.2740411,154.2740411,152.6904663,153.1784862,19430358
2017/5/24,153.2183246,153.546991,152.0530526,152.7203451,19118319
2017/5/25,153.1087691,153.7262636,152.4115978,153.2482033,19044463
2017/5/26,153.377678,153.6167081,152.6904663,152.989254,21632202
2017/5/30,152.8000218,153.8059403,152.7103855,153.0490115,20034934
2017/5/31,153.3477992,153.546991,151.7642245,152.1426889,23162873
2017/6/1,152.5510321,152.7103855,151.6048711,152.5609917,16180143
2017/6/2,152.9593752,154.8218185,152.2721636,154.8218185,27285861
2017/6/5,153.716304,153.8258595,152.8398602,153.3079609,24803858
2017/6/6,153.2780821,155.1803637,153.158567,153.8258595,26249630
2017/6/7,154.3935561,155.3496767,153.8557383,154.7421418,20678772
2017/6/8,154.6226267,154.9114548,153.7760616,154.3636774,20771367
2017/6/9,154.5628691,154.5628691,145.4299256,148.3779641,64176149
2017/6/12,145.1510571,145.4996427,141.9341097,144.7327543,71563614
2017/6/13,146.5653188,146.8541469,144.5634413,145.9976222,33749154
2017/6/14,146.9039448,146.9039448,143.2587351,144.5734009,31224203
2017/6/15,142.7408364,143.8959496,141.635322,143.7069166,31348832
2017/6/16,143.1989775,143.916068,141.6253624,141.6950795,49180748
2017/6/19,143.0794625,146.147016,143.0794625,145.7486325,31449132
2017/6/20,146.2764907,146.2764907,144.3542899,144.4240071,24572170
2017/6/21,144.9319461,145.4790264,144.0256235,145.2805318,21064679
2017/6/22,145.1809359,146.1071777,144.5334629,145.0415016,18673365
2017/6/23,144.5435221,146.5653188,144.523603,145.758592,25997976
2017/6/26,146.5752784,147.6807928,144.7925119,145.2307338,25524661
2017/6/27,144.4240071,145.5693598,143.0396241,143.1591392,24423643
2017/6/28,143.9061084,145.5195619,142.5815826,145.2406934,21915939
2017/6/29,144.1252194,144.5435221,141.7050391,143.0993817,31116980
2017/6/30,143.86627,144.3742091,143.1989775,143.4380077,22328979
2017/7/3,144.2945324,144.7129347,142.5217255,142.920109,14276812
2017/7/5,143.1093412,144.2048961,142.1469461,143.5077248,20758795
2017/7/6,142.4420487,142.920109,141.8345138,142.1532207,23374374
2017/7/7,142.3225337,144.1650577,142.3225337,143.5973611,18505351
2017/7/10,143.527644,145.3602085,142.7906344,144.473805,21030466
2017/7/11,144.1451386,145.2606126,143.7965529,144.9419057,18311156
2017/7/12,145.2805318,145.589279,144.2347749,145.1510571,23617964
2017/7/13,144.9120269,147.8899442,144.8522694,147.1728538,24922788
2017/7/14,147.3720455,148.7265497,146.7346318,148.4377216,19961788
2017/7/17,148.2186106,150.2902053,147.9696209,148.9556203,23243713
2017/7/18,148.597075,149.5233169,148.0692168,149.4735189,17713795
2017/7/19,149.8719025,150.8081039,149.3440443,150.4097203,20615419
2017/7/20,150.8877806,151.1268108,149.5830744,149.7324682,17053326
2017/7/21,149.3838826,149.8320641,148.2783682,149.6627511,24671002
2017/7/24,149.9714984,151.823982,149.2942463,151.4753964,21122730
2017/7/25,151.1865683,153.2183246,151.1865683,152.1227697,18612649
2017/7/26,152.7303047,153.3079609,152.4414766,152.8398602,15172136
2017/7/27,153.1286883,153.3677184,146.704753,149.9515792,32175875
2017/7/28,149.2842867,149.6229128,148.5871155,148.8958627,16832947
2017/7/31,149.2942463,149.7225087,147.531399,148.2484894,19422655
2017/8/1,148.4974792,149.6129532,147.8102675,149.4436402,24725526
2017/8/2,158.6363412,159.1044419,155.5289493,156.5049891,69222793
2017/8/3,156.4153528,156.5747062,154.3935561,154.9413335,26000738
2017/8/4,155.439313,156.7639384,155.0608486,155.7580199,20349532
2017/8/8,157.9590892,161.1760366,157.6304227,159.4331084,35775675
2017/8/9,158.6164221,160.6182996,158.4670282,160.4091482,25640394
2017/8/10,159.9,160,154.63,155.27,39081017
2017/8/11,156.6,158.5728,156.07,157.48,25943187
2017/8/14,159.32,160.21,158.75,159.85,21754810
2017/8/15,160.66,162.195,160.14,161.6,27936774
2017/8/16,161.94,162.51,160.15,160.95,27321761
2017/8/17,160.52,160.71,157.84,157.87,26925694
2017/8/18,157.86,159.5,156.72,157.5,27012525
2017/8/21,157.5,157.89,155.1101,157.21,26145653
2017/8/22,158.23,160,158.02,159.78,21297812
2017/8/23,159.07,160.47,158.88,159.98,19198189
2017/8/24,160.43,160.74,158.55,159.27,19029621
2017/8/25,159.65,160.56,159.27,159.86,25015218
2017/8/28,160.14,162,159.93,161.47,25279674
2017/8/29,160.1,163.12,160,162.91,29307862
2017/8/30,163.8,163.89,162.61,163.35,26973946
2017/8/31,163.64,164.52,163.48,164,26412439
2017/9/1,164.8,164.94,163.63,164.05,16508568
2017/9/5,163.75,164.25,160.56,162.08,29317054
2017/9/6,162.71,162.99,160.52,161.91,21179047
2017/9/7,162.09,162.24,160.36,161.26,21722995
2017/9/8,160.86,161.15,158.53,158.63,28183159
2017/9/11,160.5,162.05,159.89,161.5,31028926
2017/9/12,162.61,163.96,158.77,160.82,71139119
2017/9/13,159.87,159.96,157.91,159.65,44393752
2017/9/14,158.99,159.4,158.09,158.28,23073646
2017/9/15,158.47,160.97,158,159.88,48203642
2017/9/18,160.11,160.5,157.995,158.67,27939718
2017/9/19,159.51,159.77,158.44,158.73,20347352
2017/9/20,157.9,158.26,153.83,156.07,51693239
2017/9/21,155.8,155.8,152.75,153.39,36643382
2017/9/22,152.02,152.27,150.56,151.89,46114424
2017/9/25,149.99,151.83,149.16,150.55,43922334
2017/9/26,151.78,153.92,151.69,153.14,35470985
2017/9/27,153.8,154.7189,153.54,154.23,24959552
2017/9/28,153.89,154.28,152.7,153.28,21896592
2017/9/29,153.21,154.13,152,154.12,25856530
2017/10/2,154.26,154.45,152.72,153.81,18524860
2017/10/3,154.01,155.09,153.91,154.48,16146388
2017/10/4,153.63,153.86,152.46,153.4508,19844177
2017/10/5,154.18,155.44,154.05,155.39,21032800
2017/10/6,154.97,155.49,154.56,155.3,16423749
2017/10/9,155.81,156.73,155.485,155.84,16200129
2017/10/10,156.055,158,155.1,155.9,15456331
2017/10/11,155.97,156.98,155.75,156.55,16607693
2017/10/12,156.35,157.37,155.7299,156,16045720
2017/10/13,156.73,157.28,156.41,156.99,16287608
2017/10/16,157.9,160,157.65,159.88,23894630
2017/10/17,159.78,160.87,159.23,160.47,18816438
2017/10/18,160.42,160.71,159.6,159.76,16158659
2017/10/19,156.75,157.08,155.02,155.98,42111326
2017/10/20,156.61,157.75,155.96,156.16,23612246
2017/10/23,156.89,157.69,155.5,156.17,21654461
2017/10/24,156.29,157.42,156.2,157.1,17137731
2017/10/25,156.91,157.55,155.27,156.405,20126554
2017/10/26,157.23,157.8295,156.78,157.41,16751691
2017/10/27,159.29,163.6,158.7,163.05,43904150
2017/10/30,163.89,168.07,163.72,166.72,43923292
2017/10/31,167.9,169.6499,166.94,169.04,35474672
2017/11/1,169.87,169.94,165.61,166.89,33100847
2017/11/2,167.64,168.5,165.28,168.11,32710040
2017/11/3,174,174.26,171.12,172.5,58683826
2017/11/6,172.365,174.99,171.72,174.25,34242566
2017/11/7,173.91,175.25,173.6,174.81,23910914
2017/11/9,175.11,176.095,173.14,175.88,28636531
2017/11/10,175.11,175.38,174.27,174.67,25061183
2017/11/13,173.5,174.5,173.4,173.97,16828025
2017/11/14,173.04,173.48,171.18,171.34,23588451
2017/11/15,169.97,170.3197,168.38,169.08,28702351
2017/11/16,171.18,171.87,170.3,171.1,23497326
2017/11/17,171.04,171.39,169.64,170.15,21665811
2017/11/20,170.29,170.56,169.56,169.98,15974387
2017/11/21,170.78,173.7,170.78,173.14,24875471
2017/11/22,173.36,175,173.05,174.96,24997274
2017/11/24,175.1,175.5,174.6459,174.97,14026519
2017/11/27,175.05,175.08,173.34,174.09,20536313
2017/11/28,174.3,174.87,171.86,173.07,25468442
2017/11/29,172.63,172.92,167.16,169.48,40788324
2017/11/30,170.43,172.14,168.44,171.85,40172368
2017/12/1,169.95,171.67,168.5,171.05,39590080
2017/12/4,172.48,172.62,169.63,169.8,32115052
2017/12/5,169.06,171.52,168.4,169.64,27008428
2017/12/6,167.5,170.2047,166.46,169.01,28224357
2017/12/7,169.03,170.44,168.91,169.452,24469613
2017/12/8,170.49,171,168.82,169.37,23096872
2017/12/11,169.2,172.89,168.79,172.67,33092051
2017/12/12,172.15,172.39,171.461,171.7,18945457
2017/12/13,172.5,173.54,172,172.27,23142242
2017/12/14,172.4,173.13,171.65,172.22,20219307
2017/12/15,173.63,174.17,172.46,173.87,37054632
2017/12/18,174.88,177.2,174.86,176.42,28831533
2017/12/19,175.03,175.39,174.09,174.54,27078872
2017/12/20,174.87,175.42,173.25,174.35,23000392
2017/12/21,174.17,176.02,174.1,175.01,20356826
2017/12/22,174.68,175.424,174.5,175.01,16052615
2017/12/26,170.8,171.47,169.679,170.57,32968167
2017/12/27,170.1,170.78,169.71,170.6,21672062
2017/12/28,171,171.85,170.48,171.08,15997739
2017/12/29,170.52,170.59,169.22,169.23,25643711
2018/1/2,170.16,172.3,169.26,172.26,25048048
2018/1/3,172.53,174.55,171.96,172.23,28819653
2018/1/4,172.54,173.47,172.08,173.03,22211345
2018/1/5,173.44,175.37,173.05,175,23016177
2018/1/8,174.35,175.61,173.93,174.35,20134092
2018/1/9,174.55,175.06,173.41,174.33,21262614
2018/1/10,173.16,174.3,173,174.29,23589129
2018/1/11,174.59,175.4886,174.49,175.28,17523256
2018/1/12,176.18,177.36,175.65,177.09,25039531
2018/1/16,177.9,179.39,176.14,176.19,29159005
2018/1/17,176.15,179.25,175.07,179.1,32752734
2018/1/18,179.37,180.1,178.25,179.26,30234512
2018/1/19,178.61,179.58,177.41,178.46,30827809
2018/1/22,177.3,177.78,176.6016,177,26023683
2018/1/23,177.3,179.44,176.82,177.04,31702531
2018/1/24,177.25,177.3,173.2,174.22,50562257
2018/1/25,174.505,174.95,170.53,171.11,39661804
2018/1/26,172,172,170.06,171.51,37121805
2018/1/29,170.16,170.16,167.07,167.96,48434424
2018/1/30,165.525,167.37,164.7,166.97,45137026
2018/1/31,166.87,168.4417,166.5,167.43,30984099
2018/2/1,167.165,168.62,166.76,167.78,38099665
2018/2/2,166,166.8,160.1,160.37,85436075
2018/2/5,159.1,163.88,156,157.49,66090446
2018/2/6,154.83,163.72,154,163.03,66625484
2018/2/7,163.085,163.4,159.0685,159.54,50852130
2018/2/8,160.29,161,155.03,155.32,49594129
2018/2/9,157.07,157.89,150.24,155.97,66723743
2018/2/12,158.5,163.89,157.51,162.71,60560145
2018/2/13,161.95,164.75,161.65,164.34,32104756
2018/2/14,163.045,167.54,162.88,167.37,39669178
2018/2/15,169.79,173.09,169,172.99,50609595
2018/2/16,172.36,174.82,171.77,172.43,39638793
2018/2/20,172.05,174.26,171.42,171.85,33531012
2018/2/21,172.83,174.12,171.01,171.07,35833514
2018/2/22,171.8,173.95,171.71,172.6,30504116
2018/2/23,173.67,175.65,173.54,175.555,33329232
2018/2/26,176.35,179.39,176.21,178.97,36886432
2018/2/27,179.1,180.48,178.16,178.39,38685165
