,ts_code,trade_date,open,high,low,close,pre_close,change,pct_chg,vol,amount
441,600016.SH,20190102,5.72,5.73,5.61,5.65,5.73,-0.08,-1.3962,579415.0,326923.639
440,600016.SH,20190103,5.63,5.69,5.62,5.67,5.65,0.02,0.354,599669.94,339066.044
439,600016.SH,20190104,5.64,5.79,5.63,5.78,5.67,0.11,1.94,849423.62,486294.555
438,600016.SH,20190107,5.8,5.81,5.74,5.76,5.78,-0.02,-0.346,689127.14,397508.249
437,600016.SH,20190108,5.76,5.78,5.73,5.75,5.76,-0.01,-0.1736,433968.49,249315.68
436,600016.SH,20190109,5.78,5.84,5.76,5.76,5.75,0.01,0.1739,866810.87,503711.898
435,600016.SH,20190110,5.74,5.76,5.71,5.74,5.76,-0.02,-0.3472,571919.75,328164.876
434,600016.SH,20190111,5.75,5.8,5.74,5.77,5.74,0.03,0.5226,497088.25,286784.852
433,600016.SH,20190114,5.77,5.78,5.72,5.73,5.77,-0.04,-0.6932,412829.44,236881.827
432,600016.SH,20190115,5.75,5.81,5.74,5.79,5.73,0.06,1.0471,589142.85,340057.298
431,600016.SH,20190116,5.78,5.8,5.76,5.79,5.79,0.0,0.0,350576.25,202496.924
430,600016.SH,20190117,5.8,5.82,5.75,5.76,5.79,-0.03,-0.5181,454065.85,262622.36
429,600016.SH,20190118,5.8,5.86,5.76,5.83,5.76,0.07,1.2153,929721.6,540950.513
428,600016.SH,20190121,5.85,5.88,5.81,5.82,5.83,-0.01,-0.1715,646976.56,378036.939
427,600016.SH,20190122,5.84,5.84,5.78,5.81,5.82,-0.01,-0.1718,473494.44,275131.189
426,600016.SH,20190123,5.81,5.86,5.79,5.82,5.81,0.01,0.1721,416962.49,243200.746
425,600016.SH,20190124,5.84,5.86,5.8,5.83,5.82,0.01,0.1718,565102.57,329153.778
424,600016.SH,20190125,5.85,5.93,5.83,5.9,5.83,0.07,1.2007,920161.55,542058.219
423,600016.SH,20190128,5.92,5.96,5.85,5.88,5.9,-0.02,-0.339,601111.41,355346.134
422,600016.SH,20190129,5.87,5.95,5.85,5.93,5.88,0.05,0.8503,701021.39,413860.845
421,600016.SH,20190130,5.91,5.94,5.9,5.91,5.93,-0.02,-0.3373,522240.86,309022.018
420,600016.SH,20190131,5.93,5.99,5.91,5.95,5.91,0.04,0.6768,1194683.66,710234.342
419,600016.SH,20190201,5.97,5.97,5.9,5.94,5.95,-0.01,-0.1681,811680.57,481152.09
418,600016.SH,20190211,5.91,5.95,5.89,5.94,5.94,0.0,0.0,967673.48,573575.361
417,600016.SH,20190212,5.95,5.96,5.91,5.94,5.94,0.0,0.0,796030.38,472752.304
416,600016.SH,20190213,5.94,6.06,5.92,6.04,5.94,0.1,1.6835,1219417.8,729615.673
415,600016.SH,20190214,6.02,6.05,6.0,6.03,6.04,-0.01,-0.1656,713250.71,429550.458
414,600016.SH,20190215,6.0,6.03,5.94,5.95,6.03,-0.08,-1.3267,785037.4,469398.175
413,600016.SH,20190218,5.98,6.04,5.97,6.04,5.95,0.09,1.5126,959434.47,576795.541
412,600016.SH,20190219,6.03,6.1,6.01,6.03,6.04,-0.01,-0.1656,1213139.53,733171.324
411,600016.SH,20190220,6.05,6.07,6.02,6.03,6.03,0.0,0.0,696341.9,420564.984
410,600016.SH,20190221,6.03,6.06,5.99,6.0,6.03,-0.03,-0.4975,968081.13,583249.231
409,600016.SH,20190222,6.0,6.07,5.97,6.07,6.0,0.07,1.1667,991463.34,596448.399
408,600016.SH,20190225,6.1,6.55,6.1,6.48,6.07,0.41,6.7545,3599388.49,2263037.51
407,600016.SH,20190226,6.48,6.63,6.44,6.46,6.48,-0.02,-0.3086,3052683.74,1992927.842
406,600016.SH,20190227,6.49,6.72,6.46,6.56,6.46,0.1,1.548,2848263.17,1875499.056
405,600016.SH,20190228,6.54,6.62,6.49,6.53,6.56,-0.03,-0.4573,1370209.03,895789.473
404,600016.SH,20190301,6.54,6.71,6.43,6.69,6.53,0.16,2.4502,2131520.52,1400757.858
403,600016.SH,20190304,6.73,6.92,6.67,6.74,6.69,0.05,0.7474,3190473.35,2158849.606
402,600016.SH,20190305,6.72,6.76,6.69,6.75,6.74,0.01,0.1484,1501129.29,1009631.194
401,600016.SH,20190306,6.75,6.81,6.68,6.75,6.75,0.0,0.0,1860451.67,1253910.802
400,600016.SH,20190307,6.74,6.74,6.63,6.65,6.75,-0.1,-1.4815,1963685.62,1311880.738
399,600016.SH,20190308,6.56,6.56,6.39,6.4,6.65,-0.25,-3.7594,1896412.45,1228822.449
398,600016.SH,20190311,6.38,6.46,6.38,6.43,6.4,0.03,0.4688,1381154.81,886267.064
397,600016.SH,20190312,6.46,6.55,6.42,6.45,6.43,0.02,0.311,1487424.47,964195.152
396,600016.SH,20190313,6.46,6.53,6.4,6.44,6.45,-0.01,-0.155,1263169.42,815718.937
395,600016.SH,20190314,6.44,6.52,6.42,6.44,6.44,0.0,0.0,1032531.98,667924.603
394,600016.SH,20190315,6.44,6.51,6.43,6.45,6.44,0.01,0.1553,1003138.69,648728.228
393,600016.SH,20190318,6.45,6.54,6.43,6.54,6.45,0.09,1.3953,1714127.9,1110242.155
392,600016.SH,20190319,6.54,6.56,6.48,6.5,6.54,-0.04,-0.6116,1024903.36,667046.132
391,600016.SH,20190320,6.48,6.53,6.45,6.48,6.5,-0.02,-0.3077,920812.86,596918.44
390,600016.SH,20190321,6.48,6.5,6.44,6.45,6.48,-0.03,-0.463,1073181.95,694223.458
389,600016.SH,20190322,6.46,6.47,6.4,6.42,6.45,-0.03,-0.4651,1091144.99,702052.672
388,600016.SH,20190325,6.38,6.38,6.28,6.29,6.42,-0.13,-2.0249,1521934.02,964215.887
387,600016.SH,20190326,6.32,6.33,6.22,6.26,6.29,-0.03,-0.4769,945158.07,592112.519
386,600016.SH,20190327,6.26,6.31,6.22,6.25,6.26,-0.01,-0.1597,814889.19,510704.491
385,600016.SH,20190328,6.22,6.23,6.16,6.2,6.25,-0.05,-0.8,985597.55,609607.778
384,600016.SH,20190329,6.19,6.37,6.18,6.34,6.2,0.14,2.2581,1310497.86,826587.085
383,600016.SH,20190401,6.39,6.5,6.39,6.46,6.34,0.12,1.8927,1935334.79,1249759.635
382,600016.SH,20190402,6.48,6.5,6.43,6.45,6.46,-0.01,-0.1548,1401274.26,905682.763
381,600016.SH,20190403,6.42,6.5,6.4,6.5,6.45,0.05,0.7752,1508643.25,974711.626
380,600016.SH,20190404,6.5,6.59,6.49,6.56,6.5,0.06,0.9231,1993017.16,1305293.548
379,600016.SH,20190408,6.6,6.73,6.54,6.61,6.56,0.05,0.7622,2522689.33,1675284.468
378,600016.SH,20190409,6.61,6.63,6.53,6.56,6.61,-0.05,-0.7564,1537072.94,1011607.087
377,600016.SH,20190410,6.55,6.56,6.48,6.53,6.56,-0.03,-0.4573,1429955.8,931227.853
376,600016.SH,20190411,6.52,6.59,6.46,6.49,6.53,-0.04,-0.6126,1155201.6,752979.033
375,600016.SH,20190412,6.49,6.54,6.45,6.51,6.49,0.02,0.3082,775636.38,503872.267
374,600016.SH,20190415,6.59,6.64,6.5,6.5,6.51,-0.01,-0.1536,2107272.52,1387959.057
373,600016.SH,20190416,6.46,6.7,6.45,6.69,6.5,0.19,2.9231,3475507.62,2296552.264
372,600016.SH,20190417,6.68,6.71,6.63,6.64,6.69,-0.05,-0.7474,1978388.85,1318171.983
371,600016.SH,20190418,6.64,6.66,6.6,6.61,6.64,-0.03,-0.4518,896212.68,593660.448
370,600016.SH,20190419,6.61,6.68,6.58,6.63,6.61,0.02,0.3026,1099201.73,728127.725
369,600016.SH,20190422,6.63,6.64,6.49,6.5,6.63,-0.13,-1.9608,1608935.4,1054698.596
368,600016.SH,20190423,6.5,6.52,6.47,6.47,6.5,-0.03,-0.4615,1000286.14,649498.74
367,600016.SH,20190424,6.5,6.5,6.36,6.44,6.47,-0.03,-0.4637,1096380.33,706881.918
366,600016.SH,20190425,6.44,6.45,6.37,6.38,6.44,-0.06,-0.9317,1208695.76,774565.84
365,600016.SH,20190426,6.36,6.39,6.28,6.28,6.38,-0.1,-1.5674,1343771.96,850392.047
364,600016.SH,20190429,6.3,6.41,6.29,6.38,6.28,0.1,1.5924,1457059.72,926344.681
363,600016.SH,20190430,6.38,6.44,6.34,6.4,6.38,0.02,0.3135,1193187.11,762768.456
362,600016.SH,20190506,6.31,6.32,6.16,6.23,6.4,-0.17,-2.6563,2173659.62,1356245.739
361,600016.SH,20190507,6.25,6.28,6.21,6.24,6.23,0.01,0.1605,1123359.05,701579.854
360,600016.SH,20190508,6.19,6.24,6.17,6.19,6.24,-0.05,-0.8013,972929.68,603018.63
359,600016.SH,20190509,6.18,6.21,6.1,6.12,6.19,-0.07,-1.1309,1013753.48,623382.302
358,600016.SH,20190510,6.15,6.22,6.1,6.19,6.12,0.07,1.1438,1082318.5,668822.088
357,600016.SH,20190513,6.15,6.17,6.12,6.14,6.19,-0.05,-0.8078,635652.81,390705.066
356,600016.SH,20190514,6.1,6.17,6.1,6.11,6.14,-0.03,-0.4886,934728.62,572564.214
355,600016.SH,20190515,6.13,6.18,6.12,6.15,6.11,0.04,0.6547,793774.57,487542.377
354,600016.SH,20190516,6.14,6.16,6.12,6.14,6.15,-0.01,-0.1626,769751.74,472733.087
353,600016.SH,20190517,6.15,6.16,6.07,6.08,6.14,-0.06,-0.9772,1038996.13,635652.34
352,600016.SH,20190520,6.09,6.15,6.09,6.11,6.08,0.03,0.4934,738743.21,451882.223
351,600016.SH,20190521,6.12,6.17,6.11,6.12,6.11,0.01,0.1637,824429.46,505994.927
350,600016.SH,20190522,6.13,6.15,6.1,6.11,6.12,-0.01,-0.1634,749546.18,458850.111
349,600016.SH,20190523,6.1,6.12,6.06,6.08,6.11,-0.03,-0.491,821089.29,499580.793
348,600016.SH,20190524,6.09,6.12,6.08,6.1,6.08,0.02,0.3289,570776.51,348519.438
347,600016.SH,20190527,6.1,6.16,6.05,6.14,6.1,0.04,0.6557,878874.25,536311.301
346,600016.SH,20190528,6.13,6.18,6.11,6.18,6.14,0.04,0.6515,1312755.42,807721.308
345,600016.SH,20190529,6.15,6.17,6.12,6.13,6.18,-0.05,-0.8091,709431.11,435755.276
344,600016.SH,20190530,6.14,6.15,6.1,6.13,6.13,0.0,0.0,573783.77,351017.665
343,600016.SH,20190531,6.13,6.15,6.11,6.11,6.13,-0.02,-0.3263,525201.13,321839.947
342,600016.SH,20190603,6.12,6.17,6.11,6.17,6.11,0.06,0.982,1028230.48,631792.447
341,600016.SH,20190604,6.16,6.18,6.14,6.18,6.17,0.01,0.1621,521931.27,321442.425
340,600016.SH,20190605,6.19,6.22,6.18,6.19,6.18,0.01,0.1618,646393.12,400593.075
339,600016.SH,20190606,6.2,6.22,6.17,6.2,6.19,0.01,0.1616,677582.21,420158.149
338,600016.SH,20190610,6.22,6.27,6.21,6.23,6.2,0.03,0.4839,853600.07,532782.247
337,600016.SH,20190611,6.25,6.29,6.23,6.28,6.23,0.05,0.8026,944343.93,592255.143
336,600016.SH,20190612,6.26,6.28,6.25,6.27,6.28,-0.01,-0.1592,540915.37,338747.232
335,600016.SH,20190613,6.27,6.3,6.25,6.28,6.27,0.01,0.1595,541869.65,339999.689
334,600016.SH,20190614,6.33,6.34,6.27,6.29,6.28,0.01,0.1592,725747.63,456979.908
333,600016.SH,20190617,6.29,6.33,6.28,6.28,6.29,-0.01,-0.159,570332.44,359399.703
332,600016.SH,20190618,6.28,6.32,6.28,6.31,6.28,0.03,0.4777,564387.78,355572.686
331,600016.SH,20190619,6.37,6.38,6.32,6.34,6.31,0.03,0.4754,891385.74,566269.848
330,600016.SH,20190620,6.34,6.48,6.33,6.4,6.34,0.06,0.9464,1561130.5,998833.631
329,600016.SH,20190621,6.41,6.43,6.38,6.39,6.4,-0.01,-0.1563,1107747.39,709009.746
328,600016.SH,20190624,6.39,6.41,6.38,6.41,6.39,0.02,0.313,540564.65,345878.818
327,600016.SH,20190625,6.41,6.42,6.33,6.34,6.41,-0.07,-1.092,833760.61,530869.033
326,600016.SH,20190626,6.35,6.38,6.33,6.34,6.34,0.0,0.0,379317.59,241076.078
325,600016.SH,20190627,6.36,6.41,6.35,6.36,6.34,0.02,0.3155,619913.65,395789.99
324,600016.SH,20190628,6.37,6.37,6.32,6.35,6.36,-0.01,-0.1572,495886.47,314502.479
323,600016.SH,20190701,6.41,6.43,6.39,6.42,6.35,0.07,1.1024,963115.82,617829.252
322,600016.SH,20190702,6.42,6.44,6.4,6.44,6.42,0.02,0.3115,846647.31,543618.8
321,600016.SH,20190703,6.43,6.48,6.41,6.46,6.44,0.02,0.3106,934089.37,602269.334
320,600016.SH,20190704,6.47,6.49,6.43,6.44,6.46,-0.02,-0.3096,1096272.39,708623.925
319,600016.SH,20190705,6.13,6.13,6.08,6.09,6.1,-0.01,-0.1639,897742.79,547646.264
318,600016.SH,20190708,6.07,6.09,5.98,6.0,6.09,-0.09,-1.4778,894697.0,538498.352
317,600016.SH,20190709,6.01,6.02,5.96,5.98,6.0,-0.02,-0.3333,476909.98,285590.917
316,600016.SH,20190710,6.0,6.0,5.96,5.98,5.98,0.0,0.0,372463.84,222779.021
315,600016.SH,20190711,6.0,6.03,5.98,5.99,5.98,0.01,0.1672,398167.9,238847.824
314,600016.SH,20190712,5.99,6.06,5.99,6.03,5.99,0.04,0.6678,515730.08,311034.392
313,600016.SH,20190715,6.01,6.04,5.93,6.01,6.03,-0.02,-0.3317,692261.5,414203.607
312,600016.SH,20190716,6.01,6.02,5.99,6.0,6.01,-0.01,-0.1664,283329.62,170036.166
311,600016.SH,20190717,5.98,6.0,5.96,5.96,6.0,-0.04,-0.6667,357914.67,213993.482
310,600016.SH,20190718,5.96,5.98,5.94,5.96,5.96,0.0,0.0,359627.92,214314.73
309,600016.SH,20190719,5.97,6.02,5.96,6.0,5.96,0.04,0.6711,450110.33,269957.396
308,600016.SH,20190722,6.01,6.02,5.96,5.97,6.0,-0.03,-0.5,484538.03,290242.975
307,600016.SH,20190723,5.97,5.99,5.96,5.98,5.97,0.01,0.1675,350236.2,209360.994
306,600016.SH,20190724,5.99,6.03,5.98,6.0,5.98,0.02,0.3344,543363.15,326066.864
305,600016.SH,20190725,6.0,6.05,5.99,6.05,6.0,0.05,0.8333,552223.6,332686.859
304,600016.SH,20190726,6.03,6.05,6.02,6.04,6.05,-0.01,-0.1653,476008.02,287431.301
303,600016.SH,20190729,6.04,6.05,6.02,6.04,6.04,0.0,0.0,473432.61,285660.271
302,600016.SH,20190730,6.04,6.1,6.03,6.07,6.04,0.03,0.4967,559802.42,340080.157
301,600016.SH,20190731,6.07,6.08,6.03,6.07,6.07,0.0,0.0,539044.27,326448.065
300,600016.SH,20190801,6.04,6.06,6.01,6.02,6.07,-0.05,-0.8237,517116.83,311761.69
299,600016.SH,20190802,5.96,5.98,5.95,5.96,6.02,-0.06,-0.9967,764692.08,455804.598
298,600016.SH,20190805,5.94,5.95,5.84,5.85,5.96,-0.11,-1.8456,938557.42,552591.724
297,600016.SH,20190806,5.78,5.82,5.76,5.77,5.85,-0.08,-1.3675,945609.57,546619.446
296,600016.SH,20190807,5.79,5.8,5.74,5.74,5.77,-0.03,-0.5199,663950.75,382443.755
295,600016.SH,20190808,5.76,5.8,5.75,5.77,5.74,0.03,0.5226,549851.38,317427.895
294,600016.SH,20190809,5.78,5.8,5.75,5.78,5.77,0.01,0.1733,462150.99,267070.06
293,600016.SH,20190812,5.78,5.85,5.76,5.83,5.78,0.05,0.8651,505640.67,293928.287
292,600016.SH,20190813,5.81,5.82,5.78,5.8,5.83,-0.03,-0.5146,383814.49,222346.29
291,600016.SH,20190814,5.84,5.85,5.79,5.79,5.8,-0.01,-0.1724,361127.64,210213.23
290,600016.SH,20190815,5.73,5.8,5.72,5.79,5.79,0.0,0.0,382804.46,220507.649
289,600016.SH,20190816,5.78,5.81,5.76,5.77,5.79,-0.02,-0.3454,415539.8,240087.8
288,600016.SH,20190819,5.77,5.83,5.73,5.83,5.77,0.06,1.0399,714724.1,413378.508
287,600016.SH,20190820,5.81,5.86,5.81,5.82,5.83,-0.01,-0.1715,606111.38,353852.705
286,600016.SH,20190821,5.82,5.84,5.8,5.82,5.82,0.0,0.0,413149.22,240404.895
285,600016.SH,20190822,5.83,5.84,5.8,5.81,5.82,-0.01,-0.1718,344540.12,200319.227
284,600016.SH,20190823,5.81,5.84,5.78,5.83,5.81,0.02,0.3442,522242.38,303491.063
283,600016.SH,20190826,5.76,5.79,5.74,5.78,5.83,-0.05,-0.8576,707262.79,407878.023
282,600016.SH,20190827,5.8,5.87,5.79,5.82,5.78,0.04,0.692,1028800.73,600261.472
281,600016.SH,20190828,5.84,5.86,5.82,5.83,5.82,0.01,0.1718,411820.64,240586.323
280,600016.SH,20190829,5.82,5.85,5.8,5.83,5.83,0.0,0.0,434181.62,252653.804
279,600016.SH,20190830,5.85,5.88,5.79,5.81,5.83,-0.02,-0.3431,519127.4,302707.125
278,600016.SH,20190902,5.84,5.91,5.82,5.88,5.81,0.07,1.2048,761984.92,448143.883
277,600016.SH,20190903,5.9,5.92,5.87,5.9,5.88,0.02,0.3401,461003.45,271795.732
276,600016.SH,20190904,5.93,6.01,5.92,6.01,5.9,0.11,1.8644,737419.14,441050.636
275,600016.SH,20190905,6.03,6.11,6.02,6.06,6.01,0.05,0.8319,1039363.14,631742.294
274,600016.SH,20190906,6.09,6.1,6.06,6.08,6.06,0.02,0.33,783119.75,476172.526
273,600016.SH,20190909,6.12,6.14,6.07,6.09,6.08,0.01,0.1645,705675.69,430074.625
272,600016.SH,20190910,6.09,6.1,6.07,6.1,6.09,0.01,0.1642,506676.48,308282.116
271,600016.SH,20190911,6.12,6.15,6.1,6.15,6.1,0.05,0.8197,692185.14,424295.111
270,600016.SH,20190912,6.18,6.18,6.13,6.17,6.15,0.02,0.3252,474520.87,292157.569
269,600016.SH,20190916,6.18,6.18,6.09,6.13,6.17,-0.04,-0.6483,479737.11,293808.77
268,600016.SH,20190917,6.12,6.13,6.04,6.06,6.13,-0.07,-1.1419,647077.41,393787.888
267,600016.SH,20190918,6.09,6.09,6.05,6.05,6.06,-0.01,-0.165,468153.5,284132.597
266,600016.SH,20190919,6.07,6.08,6.04,6.08,6.05,0.03,0.4959,372846.33,225992.825
265,600016.SH,20190920,6.08,6.11,6.06,6.09,6.08,0.01,0.1645,682861.05,415249.881
264,600016.SH,20190923,6.07,6.08,6.02,6.05,6.09,-0.04,-0.6568,416736.86,251554.694
263,600016.SH,20190924,6.05,6.08,6.02,6.04,6.05,-0.01,-0.1653,416783.48,252243.049
262,600016.SH,20190925,6.04,6.07,6.01,6.03,6.04,-0.01,-0.1656,522586.75,315645.718
261,600016.SH,20190926,6.04,6.11,6.03,6.06,6.03,0.03,0.4975,809421.92,491344.646
260,600016.SH,20190927,6.06,6.08,6.01,6.04,6.06,-0.02,-0.33,581426.49,351450.55
259,600016.SH,20190930,6.03,6.08,6.02,6.02,6.04,-0.02,-0.3311,754872.09,456546.248
258,600016.SH,20191008,6.0,6.13,6.0,6.08,6.02,0.06,0.9967,823335.99,501220.216
257,600016.SH,20191009,6.05,6.16,6.05,6.14,6.08,0.06,0.9868,1047605.21,641806.545
256,600016.SH,20191010,6.13,6.16,6.09,6.11,6.14,-0.03,-0.4886,722442.47,442539.826
255,600016.SH,20191011,6.13,6.18,6.1,6.17,6.11,0.06,0.982,1084244.62,666154.697
254,600016.SH,20191014,6.19,6.37,6.18,6.27,6.17,0.1,1.6207,1632310.19,1023223.653
253,600016.SH,20191015,6.27,6.3,6.22,6.26,6.27,-0.01,-0.1595,794336.13,497218.298
252,600016.SH,20191016,6.28,6.34,6.2,6.23,6.26,-0.03,-0.4792,875230.25,548084.974
251,600016.SH,20191017,6.21,6.26,6.2,6.22,6.23,-0.01,-0.1605,413613.81,257516.575
250,600016.SH,20191018,6.24,6.28,6.09,6.09,6.22,-0.13,-2.09,793396.53,488926.357
249,600016.SH,20191021,6.09,6.17,6.08,6.15,6.09,0.06,0.9852,483543.66,296352.545
248,600016.SH,20191022,6.18,6.19,6.14,6.16,6.15,0.01,0.1626,448968.15,276612.366
247,600016.SH,20191023,6.18,6.2,6.14,6.14,6.16,-0.02,-0.3247,456826.41,281620.398
246,600016.SH,20191024,6.17,6.24,6.15,6.19,6.14,0.05,0.8143,668089.72,413784.163
245,600016.SH,20191025,6.19,6.2,6.14,6.19,6.19,0.0,0.0,459641.44,283839.177
244,600016.SH,20191028,6.19,6.25,6.16,6.18,6.19,-0.01,-0.1616,580152.09,358825.817
243,600016.SH,20191029,6.19,6.19,6.15,6.16,6.18,-0.02,-0.3236,374070.92,230602.399
242,600016.SH,20191030,6.16,6.19,6.11,6.16,6.16,0.0,0.0,473366.62,291250.756
241,600016.SH,20191031,6.17,6.18,6.11,6.15,6.16,-0.01,-0.1623,460185.24,282446.792
240,600016.SH,20191101,6.13,6.21,6.1,6.18,6.15,0.03,0.4878,708973.42,437035.075
239,600016.SH,20191104,6.19,6.23,6.17,6.19,6.18,0.01,0.1618,703990.54,435931.083
238,600016.SH,20191105,6.2,6.32,6.19,6.26,6.19,0.07,1.1309,1211302.55,758252.342
237,600016.SH,20191106,6.26,6.31,6.24,6.26,6.26,0.0,0.0,693916.26,435587.833
236,600016.SH,20191107,6.27,6.3,6.24,6.26,6.26,0.0,0.0,426281.66,267131.962
235,600016.SH,20191108,6.27,6.29,6.19,6.2,6.26,-0.06,-0.9585,585500.18,364782.007
234,600016.SH,20191111,6.19,6.19,6.12,6.13,6.2,-0.07,-1.129,607027.97,373915.039
233,600016.SH,20191112,6.15,6.17,6.12,6.15,6.13,0.02,0.3263,442757.09,272189.81
232,600016.SH,20191113,6.13,6.15,6.1,6.12,6.15,-0.03,-0.4878,456240.06,279275.744
231,600016.SH,20191114,6.14,6.14,6.08,6.1,6.12,-0.02,-0.3268,468855.78,286390.078
230,600016.SH,20191115,6.12,6.13,6.09,6.1,6.1,0.0,0.0,326313.81,199362.766
229,600016.SH,20191118,6.11,6.14,6.08,6.14,6.1,0.04,0.6557,430121.65,263003.25
228,600016.SH,20191119,6.12,6.15,6.11,6.13,6.14,-0.01,-0.1629,349247.61,214161.738
227,600016.SH,20191120,6.13,6.14,6.08,6.08,6.13,-0.05,-0.8157,408477.34,249340.066
226,600016.SH,20191121,6.07,6.1,6.06,6.08,6.08,0.0,0.0,434364.47,264168.036
225,600016.SH,20191122,6.1,6.12,6.07,6.08,6.08,0.0,0.0,474084.28,289193.327
224,600016.SH,20191125,6.1,6.18,6.08,6.18,6.08,0.1,1.6447,651603.64,401039.86
223,600016.SH,20191126,6.19,6.2,6.14,6.19,6.18,0.01,0.1618,966448.99,596975.317
222,600016.SH,20191127,6.18,6.19,6.15,6.15,6.19,-0.04,-0.6462,357611.57,220564.708
221,600016.SH,20191128,6.14,6.17,6.13,6.16,6.15,0.01,0.1626,361885.92,222568.777
220,600016.SH,20191129,6.14,6.19,6.13,6.17,6.16,0.01,0.1623,588981.94,363292.672
219,600016.SH,20191202,6.16,6.19,6.15,6.17,6.17,0.0,0.0,381284.22,235296.879
218,600016.SH,20191203,6.16,6.18,6.14,6.18,6.17,0.01,0.1621,324454.82,199991.601
217,600016.SH,20191204,6.18,6.18,6.13,6.16,6.18,-0.02,-0.3236,357630.43,220191.738
216,600016.SH,20191205,6.18,6.2,6.15,6.18,6.16,0.02,0.3247,407302.18,251624.476
215,600016.SH,20191206,6.19,6.2,6.17,6.19,6.18,0.01,0.1618,331970.7,205438.223
214,600016.SH,20191209,6.19,6.21,6.17,6.21,6.19,0.02,0.3231,366733.14,227127.233
213,600016.SH,20191210,6.2,6.21,6.19,6.19,6.21,-0.02,-0.3221,253180.81,156903.935
212,600016.SH,20191211,6.21,6.21,6.17,6.2,6.19,0.01,0.1616,380396.59,235377.018
211,600016.SH,20191212,6.21,6.21,6.18,6.19,6.2,-0.01,-0.1613,311840.25,193034.42
210,600016.SH,20191213,6.21,6.28,6.21,6.27,6.19,0.08,1.2924,1095455.61,683309.671
209,600016.SH,20191216,6.27,6.27,6.23,6.25,6.27,-0.02,-0.319,693975.62,433519.657
208,600016.SH,20191217,6.26,6.37,6.24,6.32,6.25,0.07,1.12,1244920.52,785151.763
207,600016.SH,20191218,6.31,6.35,6.28,6.29,6.32,-0.03,-0.4747,997438.3,629223.196
206,600016.SH,20191219,6.28,6.33,6.28,6.3,6.29,0.01,0.159,694915.88,438051.708
205,600016.SH,20191220,6.3,6.32,6.27,6.3,6.3,0.0,0.0,602623.4,379339.441
204,600016.SH,20191223,6.3,6.31,6.23,6.25,6.3,-0.05,-0.7937,570573.2,358159.765
203,600016.SH,20191224,6.26,6.27,6.23,6.26,6.25,0.01,0.16,313751.73,196164.949
202,600016.SH,20191225,6.25,6.26,6.22,6.23,6.26,-0.03,-0.4792,328709.15,204852.57
201,600016.SH,20191226,6.23,6.26,6.21,6.25,6.23,0.02,0.321,411824.04,257060.353
200,600016.SH,20191227,6.24,6.31,6.24,6.27,6.25,0.02,0.32,700115.37,439891.117
199,600016.SH,20191230,6.26,6.33,6.24,6.31,6.27,0.04,0.638,621189.96,390731.526
198,600016.SH,20191231,6.3,6.33,6.27,6.31,6.31,0.0,0.0,521147.92,328522.966
197,600016.SH,20200102,6.36,6.4,6.35,6.36,6.31,0.05,0.7924,1043664.8,665289.511
196,600016.SH,20200103,6.37,6.38,6.34,6.34,6.36,-0.02,-0.3145,599124.39,380992.682
195,600016.SH,20200106,6.32,6.37,6.28,6.3,6.34,-0.04,-0.6309,802168.13,507810.73
194,600016.SH,20200107,6.32,6.36,6.3,6.33,6.3,0.03,0.4762,574018.68,363619.3
193,600016.SH,20200108,6.32,6.33,6.26,6.29,6.33,-0.04,-0.6319,693523.24,436696.237
192,600016.SH,20200109,6.32,6.34,6.3,6.31,6.29,0.02,0.318,599264.55,378815.272
191,600016.SH,20200110,6.32,6.34,6.3,6.33,6.31,0.02,0.317,427512.76,270126.476
190,600016.SH,20200113,6.34,6.35,6.32,6.35,6.33,0.02,0.316,502396.02,318437.039
189,600016.SH,20200114,6.36,6.41,6.35,6.38,6.35,0.03,0.4724,589469.81,375955.376
188,600016.SH,20200115,6.38,6.39,6.32,6.32,6.38,-0.06,-0.9404,453765.77,287653.634
187,600016.SH,20200116,6.33,6.34,6.29,6.3,6.32,-0.02,-0.3165,391474.31,246823.284
186,600016.SH,20200117,6.31,6.34,6.27,6.29,6.3,-0.01,-0.1587,444723.68,280207.44
185,600016.SH,20200120,6.29,6.32,6.29,6.32,6.29,0.03,0.4769,451507.84,284871.56
184,600016.SH,20200121,6.3,6.31,6.25,6.25,6.32,-0.07,-1.1076,620174.23,388512.368
183,600016.SH,20200122,6.26,6.33,6.21,6.26,6.25,0.01,0.16,611250.04,382340.153
182,600016.SH,20200123,6.23,6.25,6.08,6.08,6.26,-0.18,-2.8754,1172841.46,719120.752
181,600016.SH,20200203,5.57,5.81,5.57,5.69,6.08,-0.39,-6.4145,2257121.39,1281136.64
180,600016.SH,20200204,5.7,5.86,5.65,5.83,5.69,0.14,2.4605,1465045.44,847678.444
179,600016.SH,20200205,5.85,5.9,5.78,5.84,5.83,0.01,0.1715,866989.8,507674.809
178,600016.SH,20200206,5.89,5.92,5.83,5.91,5.84,0.07,1.1986,873868.17,513474.712
177,600016.SH,20200207,5.87,5.89,5.82,5.89,5.91,-0.02,-0.3384,690933.86,404604.638
176,600016.SH,20200210,5.85,5.88,5.84,5.86,5.89,-0.03,-0.5093,553234.81,324467.288
175,600016.SH,20200211,5.88,5.93,5.87,5.9,5.86,0.04,0.6826,556603.0,328579.887
174,600016.SH,20200212,5.89,5.91,5.86,5.9,5.9,0.0,0.0,497235.8,292778.386
173,600016.SH,20200213,5.9,5.91,5.85,5.86,5.9,-0.04,-0.678,519797.15,305197.446
172,600016.SH,20200214,5.84,5.89,5.84,5.89,5.86,0.03,0.5119,425122.32,249661.074
171,600016.SH,20200217,5.88,5.97,5.87,5.96,5.89,0.07,1.1885,804352.58,476445.638
170,600016.SH,20200218,5.94,5.95,5.89,5.9,5.96,-0.06,-1.0067,708889.94,419484.456
169,600016.SH,20200219,5.9,5.94,5.88,5.89,5.9,-0.01,-0.1695,667201.76,394348.52
168,600016.SH,20200220,5.91,5.95,5.86,5.94,5.89,0.05,0.8489,936735.78,553245.92
167,600016.SH,20200221,5.92,5.95,5.89,5.91,5.94,-0.03,-0.5051,955810.84,565365.701
166,600016.SH,20200224,5.91,5.93,5.85,5.86,5.91,-0.05,-0.846,1067721.23,627643.034
165,600016.SH,20200225,5.81,5.83,5.78,5.81,5.86,-0.05,-0.8532,980348.04,569073.508
164,600016.SH,20200226,5.78,5.86,5.76,5.84,5.81,0.03,0.5164,981498.77,571603.74
163,600016.SH,20200227,5.84,5.87,5.82,5.85,5.84,0.01,0.1712,716523.03,418754.012
162,600016.SH,20200228,5.81,5.83,5.72,5.72,5.85,-0.13,-2.2222,1163981.65,671577.287
161,600016.SH,20200302,5.74,5.82,5.73,5.81,5.72,0.09,1.5734,851199.46,492952.051
160,600016.SH,20200303,5.83,5.87,5.82,5.84,5.81,0.03,0.5164,846088.78,494403.003
159,600016.SH,20200304,5.82,5.87,5.82,5.86,5.84,0.02,0.3425,569671.35,332991.161
158,600016.SH,20200305,5.88,5.96,5.86,5.95,5.86,0.09,1.5358,1393658.98,825555.234
157,600016.SH,20200306,5.9,5.94,5.87,5.9,5.95,-0.05,-0.8403,728139.48,429378.062
156,600016.SH,20200309,5.84,5.85,5.76,5.79,5.9,-0.11,-1.8644,1327024.99,767788.289
155,600016.SH,20200310,5.76,5.86,5.75,5.84,5.79,0.05,0.8636,1026639.12,598253.03
154,600016.SH,20200311,5.85,5.86,5.8,5.81,5.84,-0.03,-0.5137,607406.48,353945.377
153,600016.SH,20200312,5.79,5.8,5.76,5.8,5.81,-0.01,-0.1721,757007.24,437570.229
152,600016.SH,20200313,5.69,5.8,5.64,5.78,5.8,-0.02,-0.3448,1224443.12,699202.201
151,600016.SH,20200316,5.79,5.8,5.68,5.68,5.78,-0.1,-1.7301,1033188.61,593715.247
150,600016.SH,20200317,5.7,5.77,5.64,5.7,5.68,0.02,0.3521,955712.93,545275.008
149,600016.SH,20200318,5.71,5.72,5.59,5.6,5.7,-0.1,-1.7544,811744.98,459365.837
148,600016.SH,20200319,5.6,5.61,5.46,5.48,5.6,-0.12,-2.1429,1242124.36,686301.577
147,600016.SH,20200320,5.52,5.61,5.49,5.6,5.48,0.12,2.1898,898276.25,497933.698
146,600016.SH,20200323,5.5,5.55,5.48,5.54,5.6,-0.06,-1.0714,672804.63,370711.002
145,600016.SH,20200324,5.58,5.65,5.58,5.63,5.54,0.09,1.6245,773178.5,434577.234
144,600016.SH,20200325,5.7,5.72,5.64,5.66,5.63,0.03,0.5329,756681.07,429179.17
143,600016.SH,20200326,5.64,5.71,5.61,5.67,5.66,0.01,0.1767,818237.53,463724.158
142,600016.SH,20200327,5.7,5.72,5.66,5.71,5.67,0.04,0.7055,820775.7,467737.662
141,600016.SH,20200330,5.67,5.75,5.65,5.7,5.71,-0.01,-0.1751,1102546.59,629201.134
140,600016.SH,20200331,5.76,5.78,5.7,5.71,5.7,0.01,0.1754,1170895.56,672272.499
139,600016.SH,20200401,5.7,5.75,5.68,5.69,5.71,-0.02,-0.3503,807464.37,461778.737
138,600016.SH,20200402,5.68,5.72,5.66,5.72,5.69,0.03,0.5272,698449.32,397266.789
137,600016.SH,20200403,5.7,5.72,5.68,5.71,5.72,-0.01,-0.1748,549204.72,313280.449
136,600016.SH,20200407,5.78,5.8,5.75,5.78,5.71,0.07,1.2259,1111044.98,641377.948
135,600016.SH,20200408,5.77,5.8,5.75,5.78,5.78,0.0,0.0,675930.3,390659.812
134,600016.SH,20200409,5.8,5.82,5.78,5.78,5.78,0.0,0.0,623244.8,361394.194
133,600016.SH,20200410,5.8,5.8,5.73,5.77,5.78,-0.01,-0.173,611370.87,352437.257
132,600016.SH,20200413,5.76,5.76,5.7,5.7,5.77,-0.07,-1.2132,352341.55,201822.014
131,600016.SH,20200414,5.74,5.78,5.71,5.78,5.7,0.08,1.4035,762597.68,439362.738
130,600016.SH,20200415,5.77,5.79,5.76,5.76,5.78,-0.02,-0.346,552538.35,319084.927
129,600016.SH,20200416,5.75,5.79,5.74,5.78,5.76,0.02,0.3472,532254.74,307327.144
128,600016.SH,20200417,5.81,5.82,5.77,5.79,5.78,0.01,0.173,751439.58,435241.859
127,600016.SH,20200420,5.79,5.8,5.72,5.73,5.79,-0.06,-1.0363,816355.9,468354.506
126,600016.SH,20200421,5.73,5.74,5.68,5.7,5.73,-0.03,-0.5236,699033.71,398595.166
125,600016.SH,20200422,5.7,5.7,5.67,5.7,5.7,0.0,0.0,693862.96,394605.5
124,600016.SH,20200423,5.71,5.71,5.66,5.69,5.7,-0.01,-0.1754,635641.44,361094.887
123,600016.SH,20200424,5.69,5.72,5.65,5.7,5.69,0.01,0.1757,614397.42,349760.283
122,600016.SH,20200427,5.72,5.78,5.71,5.76,5.7,0.06,1.0526,706617.25,406980.306
121,600016.SH,20200428,5.77,5.78,5.71,5.75,5.76,-0.01,-0.1736,599909.73,345034.811
120,600016.SH,20200429,5.77,5.87,5.76,5.87,5.75,0.12,2.087,877672.94,511727.597
119,600016.SH,20200430,5.87,5.91,5.84,5.89,5.87,0.02,0.3407,834031.7,490600.01
118,600016.SH,20200506,5.8,5.87,5.78,5.84,5.89,-0.05,-0.8489,999558.1,581141.848
117,600016.SH,20200507,5.84,5.84,5.8,5.8,5.84,-0.04,-0.6849,547344.73,318514.005
116,600016.SH,20200508,5.82,5.85,5.81,5.84,5.8,0.04,0.6897,571685.51,333269.092
115,600016.SH,20200511,5.83,5.87,5.82,5.82,5.84,-0.02,-0.3425,488285.22,285033.862
114,600016.SH,20200512,5.82,5.84,5.78,5.79,5.82,-0.03,-0.5155,520360.02,302260.221
113,600016.SH,20200513,5.78,5.8,5.76,5.79,5.79,0.0,0.0,457459.89,264601.811
112,600016.SH,20200514,5.78,5.78,5.76,5.77,5.79,-0.02,-0.3454,446475.61,257553.842
111,600016.SH,20200515,5.78,5.8,5.75,5.76,5.77,-0.01,-0.1733,427684.26,247068.949
110,600016.SH,20200518,5.77,5.81,5.76,5.78,5.76,0.02,0.3472,390329.23,225904.177
109,600016.SH,20200519,5.82,5.82,5.78,5.8,5.78,0.02,0.346,367469.05,212946.399
108,600016.SH,20200520,5.79,5.82,5.78,5.8,5.8,0.0,0.0,420340.14,243665.566
107,600016.SH,20200521,5.82,5.82,5.76,5.76,5.8,-0.04,-0.6897,322998.5,186940.241
106,600016.SH,20200522,5.76,5.77,5.67,5.68,5.76,-0.08,-1.3889,706772.39,404349.911
105,600016.SH,20200525,5.72,5.72,5.67,5.7,5.68,0.02,0.3521,350017.67,199222.139
104,600016.SH,20200526,5.71,5.72,5.69,5.7,5.7,0.0,0.0,397824.27,226850.332
103,600016.SH,20200527,5.7,5.74,5.69,5.71,5.7,0.01,0.1754,445018.19,254513.896
102,600016.SH,20200528,5.72,5.79,5.71,5.76,5.71,0.05,0.8757,509347.26,293111.999
101,600016.SH,20200529,5.74,5.76,5.69,5.69,5.76,-0.07,-1.2153,485929.57,278231.792
100,600016.SH,20200601,5.72,5.77,5.72,5.76,5.69,0.07,1.2302,554247.98,318940.679
99,600016.SH,20200602,5.75,5.8,5.74,5.78,5.76,0.02,0.3472,590650.54,340941.568
98,600016.SH,20200603,5.8,5.84,5.77,5.77,5.78,-0.01,-0.173,668742.79,387900.531
97,600016.SH,20200604,5.81,5.81,5.73,5.74,5.77,-0.03,-0.5199,538062.89,309604.53
96,600016.SH,20200605,5.75,5.76,5.73,5.76,5.74,0.02,0.3484,375239.11,215585.587
95,600016.SH,20200608,5.76,5.78,5.75,5.75,5.76,-0.01,-0.1736,563113.45,324472.929
94,600016.SH,20200609,5.75,5.8,5.74,5.78,5.75,0.03,0.5217,699174.07,403376.7
93,600016.SH,20200610,5.78,5.79,5.74,5.74,5.78,-0.04,-0.692,608993.62,350358.151
92,600016.SH,20200611,5.74,5.75,5.68,5.69,5.74,-0.05,-0.8711,932174.68,532232.101
91,600016.SH,20200612,5.66,5.69,5.65,5.68,5.69,-0.01,-0.1757,1159369.9,657097.693
90,600016.SH,20200615,5.66,5.66,5.61,5.62,5.68,-0.06,-1.0563,1095841.81,617242.488
89,600016.SH,20200616,5.65,5.66,5.63,5.65,5.62,0.03,0.5338,547198.55,308838.339
88,600016.SH,20200617,5.64,5.66,5.63,5.65,5.65,0.0,0.0,422279.91,238257.055
87,600016.SH,20200618,5.64,5.67,5.61,5.64,5.65,-0.01,-0.177,618720.16,349205.41
86,600016.SH,20200619,5.65,5.7,5.64,5.67,5.64,0.03,0.5319,914031.55,518087.893
85,600016.SH,20200622,5.67,5.7,5.66,5.67,5.67,0.0,0.0,685108.66,389180.186
84,600016.SH,20200623,5.66,5.67,5.64,5.65,5.67,-0.02,-0.3527,519848.11,293801.01
83,600016.SH,20200624,5.66,5.69,5.66,5.67,5.65,0.02,0.354,586177.34,332573.848
82,600016.SH,20200629,5.69,5.71,5.64,5.66,5.67,-0.01,-0.1764,770233.07,436721.126
81,600016.SH,20200630,5.67,5.69,5.66,5.67,5.66,0.01,0.1767,540205.88,306491.497
80,600016.SH,20200701,5.68,5.76,5.66,5.75,5.67,0.08,1.4109,1080183.26,617094.611
79,600016.SH,20200702,5.74,5.86,5.73,5.86,5.75,0.11,1.913,1686338.28,977992.111
78,600016.SH,20200703,5.86,5.96,5.86,5.94,5.86,0.08,1.3652,1887246.13,1116860.795
77,600016.SH,20200706,5.99,6.47,5.99,6.44,5.94,0.5,8.4175,5375443.24,3351035.579
76,600016.SH,20200707,6.53,6.72,6.4,6.52,6.44,0.08,1.2422,4834735.88,3153091.012
75,600016.SH,20200708,6.51,6.6,6.48,6.52,6.52,0.0,0.0,3342763.27,2186538.302
74,600016.SH,20200709,6.51,6.53,6.42,6.44,6.52,-0.08,-1.227,2639045.43,1704474.301
73,600016.SH,20200710,6.43,6.46,6.25,6.27,6.44,-0.17,-2.6398,3108277.96,1969370.145
72,600016.SH,20200713,5.9,5.93,5.8,5.85,5.9,-0.05,-0.8475,3096030.3,1813312.119
71,600016.SH,20200714,5.83,5.86,5.7,5.74,5.85,-0.11,-1.8803,2306648.17,1333564.011
70,600016.SH,20200715,5.77,5.79,5.64,5.65,5.74,-0.09,-1.5679,2078489.71,1184628.864
69,600016.SH,20200716,5.68,5.73,5.61,5.62,5.65,-0.03,-0.531,2005732.39,1136685.858
68,600016.SH,20200717,5.65,5.67,5.57,5.6,5.62,-0.02,-0.3559,1365307.05,765413.059
67,600016.SH,20200720,5.61,5.73,5.6,5.7,5.6,0.1,1.7857,1856355.06,1053327.466
66,600016.SH,20200721,5.72,5.72,5.64,5.66,5.7,-0.04,-0.7018,1141722.13,647572.338
65,600016.SH,20200722,5.67,5.72,5.63,5.64,5.66,-0.02,-0.3534,1487994.15,843785.754
64,600016.SH,20200723,5.62,5.66,5.55,5.61,5.64,-0.03,-0.5319,1318016.93,737877.611
63,600016.SH,20200724,5.6,5.61,5.5,5.52,5.61,-0.09,-1.6043,1585195.02,879661.644
62,600016.SH,20200727,5.56,5.56,5.5,5.52,5.52,0.0,0.0,941947.52,520331.785
61,600016.SH,20200728,5.54,5.57,5.52,5.53,5.52,0.01,0.1812,771964.88,427601.07
60,600016.SH,20200729,5.53,5.6,5.52,5.59,5.53,0.06,1.085,1012069.15,563911.219
59,600016.SH,20200730,5.6,5.6,5.54,5.54,5.59,-0.05,-0.8945,859561.87,477992.73
58,600016.SH,20200731,5.54,5.59,5.5,5.54,5.54,0.0,0.0,1235051.2,684142.578
57,600016.SH,20200803,5.56,5.58,5.54,5.56,5.54,0.02,0.361,1358751.68,755197.422
56,600016.SH,20200804,5.58,5.67,5.56,5.65,5.56,0.09,1.6187,1932114.36,1086363.022
55,600016.SH,20200805,5.65,5.65,5.56,5.59,5.65,-0.06,-1.0619,1068093.84,597477.104
54,600016.SH,20200806,5.6,5.63,5.55,5.6,5.59,0.01,0.1789,1009447.7,563692.348
53,600016.SH,20200807,5.6,5.6,5.54,5.56,5.6,-0.04,-0.7143,1003716.85,558453.35
52,600016.SH,20200810,5.57,5.61,5.55,5.6,5.56,0.04,0.7194,1071376.01,598775.524
51,600016.SH,20200811,5.59,5.67,5.57,5.58,5.6,-0.02,-0.3571,1409945.59,794221.746
50,600016.SH,20200812,5.58,5.62,5.56,5.62,5.58,0.04,0.7168,1138430.92,636322.126
49,600016.SH,20200813,5.63,5.63,5.59,5.59,5.62,-0.03,-0.5338,657580.88,368451.992
48,600016.SH,20200814,5.59,5.64,5.58,5.63,5.59,0.04,0.7156,954080.5,535168.876
47,600016.SH,20200817,5.63,5.78,5.63,5.72,5.63,0.09,1.5986,2782893.16,1590993.298
46,600016.SH,20200818,5.73,5.74,5.66,5.68,5.72,-0.04,-0.6993,1287488.99,732534.119
45,600016.SH,20200819,5.69,5.69,5.63,5.63,5.68,-0.05,-0.8803,1093899.05,619188.88
44,600016.SH,20200820,5.63,5.63,5.58,5.59,5.63,-0.04,-0.7105,1026068.71,573907.326
43,600016.SH,20200821,5.6,5.61,5.57,5.6,5.59,0.01,0.1789,835021.68,466866.048
42,600016.SH,20200824,5.61,5.62,5.58,5.58,5.6,-0.02,-0.3571,719883.1,402808.669
41,600016.SH,20200825,5.59,5.61,5.55,5.56,5.58,-0.02,-0.3584,812614.54,453182.491
40,600016.SH,20200826,5.57,5.58,5.53,5.53,5.56,-0.03,-0.5396,818169.02,453775.82
39,600016.SH,20200827,5.54,5.55,5.51,5.53,5.53,0.0,0.0,724415.03,400453.223
38,600016.SH,20200828,5.52,5.59,5.51,5.59,5.53,0.06,1.085,1100444.66,611626.686
37,600016.SH,20200831,5.58,5.62,5.53,5.55,5.59,-0.04,-0.7156,1604999.81,895789.214
36,600016.SH,20200901,5.53,5.58,5.52,5.56,5.55,0.01,0.1802,1085623.52,602581.11
35,600016.SH,20200902,5.55,5.56,5.51,5.53,5.56,-0.03,-0.5396,1022546.56,565657.612
34,600016.SH,20200903,5.54,5.56,5.52,5.53,5.53,0.0,0.0,747635.72,413754.81
33,600016.SH,20200904,5.52,5.53,5.5,5.52,5.53,-0.01,-0.1808,943611.01,519877.508
32,600016.SH,20200907,5.5,5.52,5.47,5.48,5.52,-0.04,-0.7246,931514.91,512655.751
31,600016.SH,20200908,5.49,5.52,5.48,5.51,5.48,0.03,0.5474,829585.26,456691.717
30,600016.SH,20200909,5.5,5.51,5.48,5.48,5.51,-0.03,-0.5445,862682.51,474103.596
29,600016.SH,20200910,5.5,5.5,5.45,5.47,5.48,-0.01,-0.1825,901401.97,493064.064
28,600016.SH,20200911,5.46,5.47,5.44,5.46,5.47,-0.01,-0.1828,607478.14,331312.17
27,600016.SH,20200914,5.45,5.47,5.44,5.45,5.46,-0.01,-0.1832,512513.97,279535.959
26,600016.SH,20200915,5.45,5.46,5.44,5.45,5.45,0.0,0.0,470882.47,256695.021
25,600016.SH,20200916,5.46,5.48,5.44,5.47,5.45,0.02,0.367,540984.08,295430.14
24,600016.SH,20200917,5.46,5.47,5.44,5.44,5.47,-0.03,-0.5484,599520.8,326664.71
23,600016.SH,20200918,5.45,5.5,5.43,5.5,5.44,0.06,1.1029,1093999.3,598946.496
22,600016.SH,20200921,5.5,5.51,5.45,5.45,5.5,-0.05,-0.9091,648483.61,354877.297
21,600016.SH,20200922,5.44,5.47,5.41,5.42,5.45,-0.03,-0.5505,784337.33,426473.273
20,600016.SH,20200923,5.42,5.43,5.4,5.41,5.42,-0.01,-0.1845,640376.43,346479.726
19,600016.SH,20200924,5.41,5.41,5.35,5.37,5.41,-0.04,-0.7394,687860.63,368969.312
18,600016.SH,20200925,5.36,5.37,5.29,5.31,5.37,-0.06,-1.1173,842978.12,448966.78
17,600016.SH,20200928,5.31,5.34,5.31,5.33,5.31,0.02,0.3766,389345.53,207255.764
16,600016.SH,20200929,5.34,5.35,5.3,5.3,5.33,-0.03,-0.5629,416824.51,222075.268
15,600016.SH,20200930,5.32,5.34,5.29,5.3,5.3,0.0,0.0,548915.99,291700.983
14,600016.SH,20201009,5.3,5.33,5.29,5.3,5.3,0.0,0.0,895592.8,475466.735
13,600016.SH,20201012,5.31,5.39,5.29,5.37,5.3,0.07,1.3208,1207683.77,646291.828
12,600016.SH,20201013,5.37,5.37,5.33,5.34,5.37,-0.03,-0.5587,669026.88,357392.954
11,600016.SH,20201014,5.34,5.36,5.31,5.33,5.34,-0.01,-0.1873,587471.31,312967.235
10,600016.SH,20201015,5.32,5.39,5.31,5.35,5.33,0.02,0.3752,823751.42,441088.98
9,600016.SH,20201016,5.34,5.43,5.34,5.39,5.35,0.04,0.7477,1248623.25,672643.577
8,600016.SH,20201019,5.41,5.51,5.38,5.4,5.39,0.01,0.1855,1671539.77,910235.01
7,600016.SH,20201020,5.39,5.39,5.34,5.35,5.4,-0.05,-0.9259,829403.93,444139.495
6,600016.SH,20201021,5.35,5.41,5.32,5.4,5.35,0.05,0.9346,1212203.57,650757.898
5,600016.SH,20201022,5.39,5.46,5.36,5.4,5.4,0.0,0.0,810592.59,436843.05
4,600016.SH,20201023,5.38,5.46,5.38,5.42,5.4,0.02,0.3704,1253236.28,680064.983
3,600016.SH,20201026,5.44,5.45,5.36,5.37,5.42,-0.05,-0.9225,959882.9,517779.079
2,600016.SH,20201027,5.36,5.36,5.32,5.32,5.37,-0.05,-0.9311,768552.53,410112.807
1,600016.SH,20201028,5.32,5.33,5.29,5.3,5.32,-0.02,-0.3759,840892.57,445944.454
0,600016.SH,20201029,5.27,5.31,5.26,5.28,5.3,-0.02,-0.3774,668060.21,353019.034
